Date,SKSW20 BGN Curncy,SKSW15 BGN Curncy,SKSW1 BGN Curncy,SKSW30 BGN Curncy,SKSW3 BGN Curncy,SKSW2 BGN Curncy,SKSW10 BGN Curncy,SKSW5 BGN Curncy,USSW10 BGN Curncy,USSW1 BGN Curncy,USSW5 BGN Curncy,USSW30 BGN Curncy,USSW15 BGN Curncy,USSW3 BGN Curncy,USSW2 BGN Curncy,USSW20 BGN Curncy,ADSW3 BGN Curncy,ADSW2 BGN Curncy,ADSW10 BGN Curncy,ADSW5 BGN Curncy,ADSW20 BGN Curncy,ADSW1 BGN Curncy,ADSW15 BGN Curncy,ADSW30 BGN Curncy,NKSW1 BGN Curncy,NKSW10 BGN Curncy,NKSW20 BGN Curncy,NKSW5 BGN Curncy,NKSW15 BGN Curncy,NKSW3 BGN Curncy,NKSW2 BGN Curncy,NKSW30 BGN Curncy,DKSW10 BGN Curncy,DKSW1 BGN Curncy,DKSW30 BGN Curncy,DKSW2 BGN Curncy,DKSW3 BGN Curncy,DKSW20 BGN Curncy,DKSW15 BGN Curncy,DKSW5 BGN Curncy,CDSW30 BGN Curncy,CDSW5 BGN Curncy,CDSW2 BGN Curncy,CDSW3 BGN Curncy,CDSW20 BGN Curncy,CDSW15 BGN Curncy,CDSW10 BGN Curncy,CDSW1 BGN Curncy,JYSO3 BGN Curncy,JYSO2 BGN Curncy,JYSO5 BGN Curncy,JYSO10 BGN Curncy,JYSO15 BGN Curncy,JYSO1 BGN Curncy,JYSO20 BGN Curncy,JYSO30 BGN Curncy,EUSA3 BGN Curncy,EUSA2 BGN Curncy,EUSA30 BGN Curncy,EUSA5 BGN Curncy,EUSA15 BGN Curncy,EUSA20 BGN Curncy,EUSA1 BGN Curncy,EUSA10 BGN Curncy
2004-05-31,5.355,5.255,2.5625,5.435,3.6575,3.175,5.025,4.315,,,,,,,,,5.85,5.74,6.2815,6.025,6.33,5.62,6.3415,6.2825,2.3575,5.09,5.47,4.365,5.345,3.615,3.055,,4.71,2.5,5.355,2.975,3.37,5.24,5.06,3.9475,5.73,4.32,3.17,3.66,5.69,5.506,5.12,2.55,,,,,,0.03,,,3.1955,2.829,5.117,3.751,4.818,5.0055,2.3805,4.4855
2004-06-30,5.34,5.22,2.63,5.4,3.73,3.26,5.02,4.365,,,,,,,,,5.845,5.745,6.183,5.985,6.2175,5.625,6.243,6.1825,2.3625,4.935,5.295,4.255,5.175,3.59,3.07,,4.635,2.54,5.195,3.005,3.3825,5.105,4.945,3.9225,5.805,4.48,3.3775,3.87,5.7275,5.5625,5.2175,2.725,,,,,,0.065,,,3.223,2.871,4.991,3.733,4.729,4.895,2.422,4.423
2004-07-30,5.255,5.135,2.5925,5.305,3.63,3.16,4.905,4.25,,,,,,,,,5.94,5.82,6.188,6.035,6.2075,5.685,6.243,6.1875,2.2925,4.75,5.11,4.09,4.995,3.4,2.9,,4.53,2.4975,5.11,2.925,3.28,5.025,4.865,3.8125,5.746,4.425,3.356,3.811,5.658,5.477,5.156,2.72,,,,,,0.03,,,3.1415,2.8045,4.8975,3.6375,4.6335,4.7975,2.392,4.3255
2004-08-31,5.11,4.985,2.615,5.195,3.5625,3.12,4.745,4.125,,,,,,,,,5.76,5.65,5.935,5.798,5.9375,5.56,5.979,5.9025,2.19,4.5813,4.975,3.855,4.8225,3.2063,2.725,,4.34,2.41,4.985,2.74,3.065,4.875,4.695,3.585,5.54,4.15,3.1275,3.54,5.4275,5.2495,4.9125,2.725,,,,,,0.048,,,2.935,2.624,4.759,3.41,4.471,4.648,2.291,4.142
2004-09-30,4.99,4.8625,2.68,5.03,3.5275,3.1575,4.6425,4.0475,,,,,,,,,5.67,5.595,5.918,5.78,5.9175,5.52,5.953,5.8775,2.1425,4.565,4.922,3.855,4.77,3.19,2.715,,4.2975,2.5025,4.9225,2.8225,3.105,4.8075,4.6375,3.5825,5.5575,4.2425,3.345,3.6925,5.4525,5.27,4.94,2.96,,,,,,0.048,,,2.985,2.7075,4.7225,3.423,4.4205,4.6035,2.393,4.106
2004-10-29,4.95,4.81,2.5625,5.025,3.345,3.0,4.57,3.9125,,,,,,,,,5.6,5.57,5.81,5.683,5.7775,5.51,5.848,5.7375,2.17,4.44,4.769,3.685,4.685,3.025,2.6,,4.1575,2.425,4.8375,2.685,2.96,4.7125,4.5225,3.4275,5.416,4.1225,3.341,3.676,5.341,5.1475,4.804,3.01,,,,,,0.035,,,2.834,2.5765,4.6378,3.2825,4.3225,4.511,2.329,3.984
2004-11-30,4.74,4.59,2.445,4.81,3.1,2.78,4.355,3.6725,,,,,,,,,5.38,5.355,5.66,5.48,5.673,5.346,5.6935,5.79,2.14,4.245,4.612,3.485,4.5,2.875,2.505,,3.9975,2.395,4.6475,2.61,2.85,4.5275,4.3375,3.2825,5.425,3.945,3.0875,3.415,5.349,5.146,4.7655,2.785,,,,,,0.0275,,,2.7675,2.521,4.4905,3.169,4.187,4.3675,2.3088,3.8615
2004-12-31,4.58,4.44,2.355,4.635,3.025,2.71,4.205,3.565,,,,,,,,,5.605,5.515,5.825,5.7,5.815,5.455,5.86,5.79,2.265,4.325,4.72,3.625,4.565,3.085,2.705,,3.895,2.4575,4.545,2.7125,2.93,4.425,4.245,3.28,5.266,3.905,3.15,3.445,5.211,5.019,4.631,2.76,,,,,,0.0275,,,2.826,2.617,4.359,3.158,4.055,4.237,2.373,3.754
2005-01-31,4.315,4.1825,2.2525,4.395,2.885,2.565,3.945,3.325,,,,,,,,,5.725,5.7,5.8425,5.765,5.855,5.65,5.869,5.835,2.1975,4.085,4.445,3.445,4.315,2.955,2.635,,3.7125,2.3775,4.2625,2.61,2.82,4.1575,4.0025,3.1525,5.14,3.8,3.0575,3.3475,5.0775,4.895,4.525,2.77,,,,,,0.0275,,,2.7505,2.5525,4.131,3.064,3.889,4.046,2.3153,3.6185
2005-02-28,4.345,4.252,2.2425,4.425,2.92,2.59,4.04,3.43,,,,,,,,,6.0665,5.9975,6.11,6.025,6.1125,5.9635,6.13,6.1025,2.315,4.2175,4.52,3.6575,4.435,3.175,2.81,4.61,3.86,2.4075,4.3625,2.7025,2.935,4.27,4.1325,3.29,5.1865,3.86,3.1345,3.3915,5.141,4.961,4.585,2.87,,,,,,0.0275,,,2.8903,2.6578,4.291,3.2455,4.068,4.202,2.3713,3.8057
2005-03-31,4.255,4.16,2.245,4.325,2.93,2.59,3.965,3.405,,,,,,,,,6.08,6.06,6.075,6.03,6.0875,6.04,6.1075,6.0675,2.5,4.33,4.66,3.785,4.56,3.285,2.945,4.74,3.805,2.3875,4.3375,2.6675,2.885,4.24,4.0975,3.215,5.1449,4.01,3.38,3.6225,5.1037,4.9486,4.6185,3.09,,,,,,0.0275,,,2.8356,2.6305,4.222,3.1472,3.989,4.1275,2.3708,3.713
2005-04-29,3.895,3.8225,2.1125,3.94,2.63,2.34,3.645,3.075,,,,,,,,,5.72,5.7,5.8725,5.8,5.8775,5.73,5.904,5.8375,2.5025,4.145,4.515,3.64,4.365,3.215,2.905,4.53,3.58,2.2575,4.165,2.4325,2.625,4.05,3.885,2.9625,5.0475,3.805,3.195,3.43,4.9594,4.7975,4.4625,2.895,,,,,,0.0275,,,2.589,2.397,4.099,2.922,3.831,3.988,2.219,3.528
2005-05-31,3.79,3.726,2.02,3.82,2.485,2.2213,3.496,2.905,,,,,,,,,5.63,5.63,5.6225,5.56375,5.6175,5.67,5.6425,5.5875,2.565,4.035,4.3175,3.535,4.2275,3.165,2.885,4.3875,3.4175,2.205,4.0025,2.325,2.5015,3.8975,3.7275,2.8225,4.821,3.5845,3.04,3.24,4.719,4.543,4.2225,2.825,,,,,,0.0275,,,2.46,2.295,3.99,2.775,3.7,3.875,2.1588,3.3815
2005-06-30,3.535,3.468,1.7285,3.575,2.1595,1.9065,3.2295,2.6025,,,,,,,,,5.57,5.57,5.55,5.528,5.55,5.63,5.5225,5.515,2.4638,3.925,4.225,3.355,4.14,2.935,2.7025,4.29,3.2313,2.0975,3.8075,2.18,2.34,3.7075,3.5475,2.6425,4.652,3.4,2.954,3.105,4.545,4.353,4.023,2.83,,,,,,0.019,,,2.3201,2.162,3.8101,2.6251,3.533,3.7051,2.0845,3.2201
2005-07-29,3.625,3.525,1.8025,3.665,2.355,2.105,3.305,2.76,,,,,,,,,5.57,5.57,5.6715,5.63,5.6675,5.575,5.6965,5.6175,2.62,4.0025,4.305,3.5025,4.22,3.1325,2.9225,4.37,3.38,2.2425,3.94,2.415,2.565,3.8375,3.68,2.835,4.72,3.62,3.22,3.35,4.647,4.48,4.15,3.0705,,,,,,0.032,,,2.556,2.4046,3.885,2.8075,3.636,3.789,2.243,3.3465
2005-08-31,3.5413,3.443,1.929,3.63,2.457,2.215,3.258,2.775,,,,,,,,,5.47,5.46,5.433,5.405,5.4325,5.48,5.448,5.3575,2.7125,3.925,4.205,3.505,4.125,3.235,3.02,4.255,3.232,2.264,3.779,2.383,2.506,3.676,3.524,2.732,4.5565,3.5,3.16,3.26,4.4805,4.2995,3.9935,3.025,,,,,,0.0315,,,2.471,2.342,3.717,2.6935,3.481,3.6275,2.2223,3.1985
2005-09-30,3.54,3.4823,2.032,3.615,2.605,2.37,3.299,2.91,,,,,,,,,5.79,5.765,5.86,5.82,5.835,5.725,5.875,5.715,2.8,3.995,4.27,3.625,4.19,3.35,3.125,4.32,3.2875,2.3825,3.8375,2.5575,2.68,3.7375,3.5825,2.8725,4.65,3.795,3.51,3.61,4.619,4.46,4.18,3.41,,,,,,0.017,,,2.65,2.525,3.739,2.8405,3.525,3.662,2.3496,3.265
2005-10-31,3.84,3.759,2.0975,3.91,2.777,2.484,3.554,3.1193,,,,,,,,,5.825,5.795,5.9325,5.855,5.9,5.73,5.95,5.75,2.9875,4.305,4.52,4.02,4.45,3.735,3.4375,4.58,3.5525,2.6225,4.055,2.8325,2.9675,3.9575,3.8175,3.17,4.8008,4.08,3.8085,3.9065,4.7935,4.668,4.41,3.655,,,,,,0.017,,,2.923,2.7974,3.93,3.127,3.736,3.852,2.5946,3.51
2005-11-30,3.8175,3.7705,2.288,3.83,2.968,2.692,3.6405,3.26,,,,,,,,,5.79,5.715,5.88,5.835,5.835,5.665,5.8915,5.675,3.1025,4.37,4.5325,4.0875,4.4925,3.7975,3.535,4.595,3.6355,2.86,4.05,3.0075,3.1175,3.985,3.8725,3.295,4.673,4.1235,3.9688,4.0302,4.6651,4.5733,4.352,3.9,,,,,,0.017,,,3.0434,2.9525,3.9515,3.2187,3.7748,3.8845,2.8089,3.5563
2005-12-30,3.65,3.623,2.478,3.655,3.135,2.87,3.548,3.379,,,,,,,,,5.685,5.7,5.708,5.695,5.65,5.675,5.713,5.515,3.08,4.12,4.28,3.91,4.22,3.68,3.45,4.32,3.53,2.9225,3.87,3.0875,3.1725,3.825,3.725,3.285,4.574,4.1775,4.1095,4.141,4.579,4.501,4.3285,4.08,,0.285,,,,0.096,,,3.1175,3.0275,3.775,3.215,3.633,3.73,2.8752,3.448
2006-01-31,3.8225,3.7975,2.57,3.83,3.215,2.965,3.725,3.485,,,,,,,,,5.725,5.68,5.8065,5.7515,5.755,5.645,5.817,5.595,2.96,4.15,4.33,3.865,4.275,3.62,3.375,4.37,3.7175,2.97,4.069,3.1813,3.2895,4.018,3.914,3.447,4.807,4.3211,4.098,4.1782,4.802,4.735,4.557,4.05,,0.203,,,,0.105,,,3.2595,3.1446,3.96,3.3936,3.8141,3.9125,2.9391,3.6455
2006-02-28,3.7,3.721,2.484,3.6725,3.1,2.839,3.651,3.383,,,,,,,,,5.695,5.67,5.7185,5.68,5.64,5.645,5.717,5.43,3.02,4.075,4.22,3.805,4.175,3.555,3.34,4.26,3.806,3.21,4.114,3.388,3.47,4.068,3.977,3.583,4.729,4.3652,4.2175,4.2675,4.732,4.6635,4.514,4.19,,0.533,,,,0.215,,,3.3166,3.2193,3.952,3.4414,3.8208,3.909,3.0265,3.6643
2006-03-31,4.03,4.045,2.72,4.015,3.41,3.135,3.9775,3.7025,,,,,,,,,5.785,5.765,5.847,5.81,5.7705,5.7,5.837,5.655,3.205,4.405,4.53,4.185,4.49,3.945,3.685,4.56,4.14,3.445,4.42,3.6925,3.8025,4.375,4.29,3.925,4.841,4.447,4.3065,4.359,4.853,4.783,4.64,4.28,,0.7025,,,,0.329,,,3.6385,3.5255,4.25,3.7706,4.138,4.213,3.3008,3.9894
2006-04-28,4.31,4.301,2.7875,4.265,3.5275,3.2295,4.1893,3.862,,,,,,,,,6.1005,6.0575,6.15,6.135,6.08,5.9765,6.143,5.965,3.3025,4.615,4.74,4.285,4.7,4.0,3.745,4.745,4.3015,3.451,4.6175,3.7205,3.8623,4.565,4.4725,4.031,5.092,4.6475,4.4295,4.515,5.0923,5.022,4.861,4.37,,0.72625,,,,0.359,,,3.7354,3.5932,4.4325,3.9045,4.3204,4.397,3.3254,4.1673
2006-05-31,4.3465,4.3313,2.9151,4.3365,3.595,3.315,4.2145,3.883,,,,,,,,,6.1695,6.1375,6.2188,6.2125,6.145,6.0815,6.21,5.99,3.52,4.675,4.83,4.41,4.795,4.18,3.9375,4.835,4.3355,3.4813,4.6725,3.7395,3.8745,4.6225,4.5225,4.0385,5.096,4.676,4.502,4.559,5.106,5.057,4.911,4.455,,0.8115,,,,0.48875,,,3.7421,3.6189,4.5285,3.9042,4.375,4.4785,3.3941,4.1908
2006-06-30,4.49,4.47,3.1165,4.49,3.822,3.5613,4.379,4.1055,,,,,,,,,6.243,6.2335,6.22,6.2369,6.085,6.1765,6.175,5.965,3.5725,4.8,4.94,4.56,4.905,4.315,4.045,4.945,4.4325,3.6775,4.7175,3.9175,4.04,4.68,4.6,4.1875,5.24,4.8725,4.717,4.767,5.258,5.218,5.077,4.725,,0.824,,,,0.515,,,3.9012,3.7832,4.5585,4.045,4.4408,4.5235,3.5531,4.2849
2006-07-31,4.3,4.3015,3.1375,4.285,3.729,3.5058,4.219,3.9788,,,,,,,,,6.4235,6.4245,6.3125,6.3938,6.1525,6.3835,6.2475,5.9925,3.7,4.765,4.895,4.5475,4.86,4.35,4.125,4.9,4.3075,3.7075,4.6025,3.865,3.9525,4.5675,4.475,4.0675,5.005,4.5607,4.4096,4.4565,5.0082,4.9557,4.7893,4.46,,0.816,,,,0.5265,,,3.8082,3.725,4.451,3.9252,4.325,4.412,3.5769,4.162
2006-08-31,4.18,4.17,3.3525,4.145,3.7525,3.6075,4.11,3.9075,,,,,,,,,6.2735,6.2955,6.1363,6.22,5.9975,6.3155,6.0725,5.828,3.8,4.61,4.73,4.425,4.695,4.285,4.125,4.7075,4.1525,3.805,4.435,3.885,3.91,4.39,4.3075,3.965,4.7799,4.3028,4.241,4.2393,4.7859,4.7008,4.5266,4.32,,0.59375,,,,0.40625,,,3.745,3.732,4.2605,3.8019,4.1485,4.2255,3.672,3.9995
2006-09-29,4.015,4.0588,3.438,3.98,3.765,3.6655,4.034,3.887,,,,,,,,,6.2025,6.224,6.03,6.165,5.85,6.2595,5.963,5.688,3.9125,4.52,4.61,4.38,4.58,4.3,4.19,4.615,4.098,3.9168,4.3075,3.9565,3.962,4.2875,4.2225,3.9835,4.6653,4.195,4.122,4.119,4.6861,4.617,4.4231,4.245,,0.62475,,,,0.4475,,,3.8015,3.8005,4.1335,3.828,4.068,4.124,3.776,3.954
2006-10-31,4.045,4.071,3.525,3.955,3.824,3.715,4.0655,3.9475,,,,,,,,,6.446,6.4895,6.1325,6.334,5.945,6.5365,6.055,5.7725,4.05,4.635,4.7125,4.555,4.69,4.46,4.35,4.68,4.0825,4.0375,4.2125,4.0325,4.015,4.2125,4.1725,4.005,4.65,4.228,4.174,4.175,4.671,4.598,4.425,4.28,,0.71625,,,,0.51625,,,3.8692,3.885,4.0604,3.8692,4.0354,4.0694,3.884,3.9564
2006-11-30,3.93,3.993,3.608,3.83,3.838,3.7715,3.994,3.925,,,,,,,,,6.38,6.4325,6.0665,6.27,5.853,6.4905,6.004,5.7025,4.295,4.6275,4.615,4.6275,4.615,4.6175,4.5625,4.59,4.05,4.0675,4.17,4.0325,4.005,4.1775,4.135,3.995,4.51,4.0653,4.0422,4.029,4.538,4.458,4.269,4.18,,0.675,,,,0.552,,,3.8448,3.865,4.0345,3.8386,3.9995,4.0445,3.891,3.9115
2006-12-29,4.15,4.215,3.785,4.06,4.07,3.99,4.24,4.165,,,,,,,,,6.5575,6.5745,6.39,6.498,6.1905,6.5965,6.3155,6.0255,4.575,4.99,4.965,5.02,4.975,5.02,4.92,4.94,4.33,4.2525,4.4325,4.285,4.2775,4.4575,4.4125,4.27,4.67,4.24,4.16,4.19,4.689,4.628,4.47,4.315,,0.685,,,,0.577,,,4.1265,4.122,4.2876,4.125,4.2736,4.3096,4.076,4.1986
2007-01-31,4.4,4.4438,3.9203,4.3375,4.2525,4.149,4.4525,4.3665,,,,,,,,,6.535,6.5225,6.3865,6.473,6.213,6.5175,6.3205,6.053,4.825,5.2,5.155,5.2325,5.17,5.2275,5.165,5.115,4.4575,4.32,4.5525,4.3825,4.38,4.57,4.5375,4.385,4.753,4.3674,4.3135,4.3105,4.776,4.729,4.5759,4.4,,0.6,,,,0.5125,,,4.22,4.2005,4.44,4.23,4.4278,4.455,4.151,4.33
2007-02-28,4.2066,4.24,3.7591,4.11,4.0425,3.93,4.263,4.17,,,,,,,,,6.4095,6.4295,6.2115,6.3565,6.0575,6.452,6.15375,5.913,4.885,5.0502,4.965,5.085,4.995,5.1047,5.095,4.895,4.3075,4.2975,4.4175,4.275,4.2625,4.435,4.3925,4.2525,4.663,4.247,4.2106,4.2034,4.675,4.619,4.4615,4.32,,0.701,,,,0.6135,,,4.095,4.1155,4.32,4.11,4.2771,4.33,4.1165,4.19
2007-03-30,4.3605,4.388,3.8559,4.2705,4.19,4.08,4.385,4.3075,,,,,,,,,6.6265,6.6375,6.405,6.555,6.255,6.6585,6.335,6.085,5.0313,5.18,5.115,5.175,5.155,5.1846,5.1946,5.03,4.415,4.41,4.5575,4.4,4.39,4.565,4.515,4.3675,4.766,4.311,4.262,4.259,4.776,4.714,4.539,4.36,,0.785,,,,0.6195,,,4.2251,4.243,4.4713,4.2351,4.4305,4.4801,4.249,4.3251
2007-04-30,4.4975,4.5375,4.025,4.4075,4.385,4.265,4.5425,4.4825,,,,,,,,,6.535,6.5385,6.369,6.489,6.197,6.547,6.314,6.045,5.15,5.325,5.28,5.3317,5.315,5.3325,5.32,5.18,4.5275,4.53,4.6375,4.5175,4.5075,4.6525,4.615,4.49,4.7655,4.4435,4.424,4.425,4.793,4.744,4.603,4.478,,0.8475,,,,0.675,,,4.332,4.343,4.5195,4.324,4.4895,4.5305,4.345,4.3995
2007-05-31,4.695,4.7413,4.085,4.6,4.5225,4.3835,4.745,4.66,,,,,,,,,6.685,6.6895,6.5575,6.6815,6.4375,6.6375,6.505,6.3075,5.335,5.5775,5.465,5.6,5.525,5.615,5.5999,5.395,4.819,4.7248,4.89,4.8135,4.814,4.9125,4.885,4.8045,4.957,4.9078,4.8371,4.8751,5.035,5.023,4.951,4.815,,0.971,,,,0.77875,,,4.6335,4.6285,4.7535,4.6305,4.7495,4.7775,4.539,4.6755
2007-06-29,4.93,4.985,4.2895,4.84,4.76,4.605,4.985,4.895,,,,,,,,,6.974,6.937,6.8165,6.9355,6.735,6.8515,6.7825,6.63,5.555,5.745,5.6225,5.7797,5.6875,5.8,5.78,5.5375,5.015,4.7975,5.095,4.8975,4.93,5.115,5.0925,4.96,5.1735,4.984,4.891,4.9375,5.212,5.211,5.135,4.88,,1.031,,,,0.829,,,4.7365,4.6995,4.949,4.7675,4.9345,4.967,4.602,4.85
2007-07-31,4.845,4.8978,4.395,4.74,4.7185,4.618,4.915,4.835,,,,,,,,,6.9915,7.009,6.718,6.918,6.568,6.931,6.6475,6.5075,5.5925,5.6822,5.565,5.7056,5.63,5.7334,5.7355,5.485,4.8925,4.765,4.9475,4.8,4.8175,4.98,4.9575,4.8325,5.269,5.071,4.9415,5.002,5.3085,5.3015,5.21,4.9385,,1.0025,,,,0.823,,,4.623,4.61,4.785,4.6305,4.7745,4.8085,4.601,4.7025
2007-08-31,4.759,4.7778,4.3835,4.665,4.5688,4.496,4.774,4.6775,,,,,,,,,6.8885,6.8795,6.635,6.8265,6.463,6.8865,6.555,6.325,5.659,5.6055,5.525,5.5998,5.57,5.6299,5.6697,5.43,4.785,4.84,4.925,4.6975,4.68,4.9475,4.9,4.675,5.146,4.89,4.834,4.874,5.149,5.106,4.974,4.813,,0.7975,,,,0.706,,,4.543,4.564,4.798,4.543,4.765,4.808,4.7,4.64
2007-09-28,4.9007,4.9307,4.5379,4.8387,4.6571,4.6015,4.9007,4.7652,,,,,,,,,7.0205,7.0155,6.828,6.9755,6.638,7.0275,6.725,6.52,5.77,5.655,5.615,5.575,5.635,5.595,5.655,5.525,4.8425,4.83,5.0,4.7125,4.695,5.0125,4.96,4.7,5.079,4.671,4.552,4.617,5.055,4.979,4.82,4.6,,0.84375,,,,0.688,,,4.5255,4.5445,4.871,4.546,4.8355,4.881,4.694,4.703
2007-10-31,4.8485,4.866,4.625,4.7835,4.695,4.665,4.825,4.7582,,,,,,,,,7.3515,7.3455,6.9955,7.2715,6.7125,7.2985,6.8465,6.5925,5.7955,5.5553,5.555,5.5351,5.575,5.6101,5.6996,5.44,4.7625,4.835,4.885,4.7375,4.7,4.905,4.8675,4.685,4.984,4.712,4.585,4.65,5.0175,4.9745,4.851,4.586,,0.7455,,,,0.654,,,4.5385,4.5685,4.811,4.565,4.7805,4.8285,4.6585,4.6655
2007-11-30,4.8069,4.8431,4.6427,4.7531,4.5825,4.565,4.79,4.668,,,,,,,,,7.49,7.484,6.914,7.324,6.6075,7.44,6.7155,6.4175,5.87,5.545,5.4975,5.455,5.5375,5.535,5.665,5.4275,4.7125,4.78,4.9375,4.5825,4.5425,4.93,4.865,4.5725,4.9115,4.406,4.175,4.2795,4.928,4.83,4.6325,4.2835,0.6875,0.6875,,,,0.6025,,,4.4125,4.4415,4.8585,4.424,4.7585,4.8515,4.6505,4.6105
2007-12-31,4.905,4.945,4.696,4.86,4.69,4.67,4.91,4.75,,,,,,,,,7.5905,7.5505,7.245,7.56,6.955,7.4815,7.095,6.73,5.916,5.525,5.53,5.455,5.545,5.545,5.745,5.425,4.83,4.8825,4.9875,4.7475,4.7125,5.0125,4.96,4.725,4.72,4.437,4.177,4.2855,4.779,4.736,4.608,4.252,0.64625,0.6175,,,,0.5375,,,4.502,4.556,4.8875,4.555,4.859,4.908,4.696,4.721
2008-01-31,4.6225,4.6625,4.3173,4.5725,4.175,4.1625,4.5688,4.3225,,,,,,,,,7.392,7.392,6.968,7.3055,6.6725,7.4145,6.8015,6.4065,5.645,5.26,5.2675,5.13,5.2975,5.21,5.415,5.1925,4.495,4.4,4.7775,4.15,4.1325,4.77,4.6875,4.2125,4.788,4.045,3.59,3.7785,4.787,4.6975,4.4605,3.534,0.47,0.4675,,,,0.405,,,3.9565,3.9585,4.684,4.059,4.5805,4.668,4.1925,4.369
2008-02-29,4.7075,4.75,4.615,4.6475,4.33,4.3575,4.6775,4.43,,,,,,,,,7.77,7.8665,7.2815,7.61,6.8525,7.984,7.0725,6.5325,5.899,5.185,5.2275,5.165,5.2625,5.325,5.585,5.1525,4.4425,4.3725,4.73,4.0575,4.0275,4.7375,4.645,4.1075,4.7335,3.8355,3.365,3.559,4.7165,4.603,4.3285,3.315,0.475,0.4765,,,,0.426,,,3.7905,3.807,4.627,3.9175,4.522,4.6215,4.139,4.3025
2008-03-31,4.7225,4.7625,4.66,4.6625,4.465,4.48,4.7075,4.5275,,,,,,,,,7.336,7.4495,7.079,7.28,6.6675,7.676,6.9265,6.3575,6.155,5.235,5.245,5.32,5.255,5.58,5.89,5.165,4.5475,4.6625,4.7775,4.425,4.3425,4.8075,4.735,4.3225,4.611,3.6385,3.2115,3.404,4.6045,4.4785,4.142,3.087,0.4625,0.4625,,,,0.4025,,,4.173,4.248,4.675,4.1665,4.625,4.6965,4.552,4.4105
2008-04-30,4.7875,4.8425,4.9,4.7375,4.6475,4.69,4.8075,4.68,,,,,,,,,7.55625,7.6525,7.214,7.464,6.8425,7.79625,7.0555,6.3625,6.345,5.505,5.5,5.53,5.51,5.675,6.025,5.425,4.7075,5.0325,4.8925,4.7725,4.6475,4.94,4.8825,4.555,4.601,3.64,3.246,3.4015,4.5995,4.475,4.14,3.055,0.82562,0.6785,,,,0.574,,,4.4215,4.5205,4.809,4.3775,4.775,4.847,4.8035,4.577
2008-05-30,4.9975,5.0625,5.2075,4.9025,5.12,5.17,5.0725,5.085,,,,,,,,,7.67875,7.80125,7.3325,7.6,7.0475,7.8975,7.1975,6.6325,6.605,5.665,5.635,5.8348,5.64,6.155,6.465,5.515,4.9725,5.4705,5.0565,5.3455,5.185,5.1195,5.081,4.9905,4.631,3.9055,3.402,3.639,4.674,4.5685,4.3105,3.057,0.83,0.83,,,,0.63,,,4.8805,4.995,4.9935,4.7465,4.97,5.0365,5.1185,4.835
2008-06-30,5.0986,5.2118,5.4582,5.0118,5.5273,5.539,5.3288,5.515,,,,,,,,,7.84875,7.94125,7.435,7.738,7.1325,7.97375,7.275,6.7675,6.8425,5.9545,5.8125,6.2781,5.855,6.5933,6.849,5.7575,5.258,5.788,5.086,5.775,5.691,5.224,5.2565,5.443,4.46,3.991,3.671,3.8235,4.55,4.459,4.266,3.424,0.77,0.77,,,,0.604,,,5.292,5.36,4.976,5.1425,5.13,5.094,5.375,5.0625
2008-07-31,4.925,5.04,5.4105,4.7725,5.315,5.329,5.1425,5.2688,,,,,,,,,7.28,7.356,7.0615,7.0915,6.8175,7.4705,6.9665,6.4375,6.695,5.8224,5.69,6.0325,5.7325,6.3026,6.5975,5.6675,5.0453,5.5755,4.92,5.458,5.34,5.054,5.0855,5.184,4.514,3.7055,3.287,3.472,4.527,4.422,4.163,3.141,0.83813,0.694,,,,0.5575,,,4.9171,4.9763,4.811,4.851,4.925,4.918,5.0795,4.849
2008-08-29,4.74,4.85,5.3525,4.58,5.025,5.1225,4.9275,5.005,,,,,,,,,6.757,6.8,6.615,6.738,6.3875,6.95,6.545,5.995,6.743,5.585,5.4675,5.7745,5.5275,6.055,6.426,5.4175,4.8885,5.4985,4.788,5.268,5.1455,4.904,4.9225,4.9865,4.457,3.4755,3.033,3.2165,4.455,4.334,4.0065,2.9625,0.74563,0.615,,,,0.523,,,4.7635,4.861,4.6715,4.6925,4.7585,4.7605,5.123,4.6815
2008-09-30,4.485,4.565,5.08,4.325,4.6525,4.715,4.655,4.6625,,,,,,,,,6.375,6.385,6.392,6.432,6.07,6.409,6.273,5.645,6.86,5.373,5.255,5.543,5.32,5.893,6.31,5.14,4.9135,5.365,4.6695,5.068,5.0105,4.85,4.9095,5.0185,4.709,3.619,3.2,3.3535,4.737,4.5955,4.203,3.209,0.77063,0.611,,,,0.488,,,4.676,4.682,4.5685,4.6895,4.7485,4.7135,5.04,4.71
2008-10-31,3.8425,3.9375,3.705,3.6625,3.6025,3.495,4.0125,3.8775,,,,,,,,,5.4375,5.205,5.8875,5.76,5.3725,4.81,5.7525,4.88625,4.879,4.8225,4.71,4.5925,4.745,4.4825,4.6025,4.59,4.816,5.49,4.431,4.7825,4.73,4.8015,4.9295,4.649,4.474,2.922,2.2468,2.521,4.589,4.45,3.881,2.146,0.48563,0.39,,,,0.272,,,3.801,3.6675,4.288,4.018,4.6365,4.5535,4.01,4.4835
2008-11-28,3.3503,3.382,3.081,3.135,2.986,2.8775,3.378,3.256,,,,,,,,,4.3725,3.9525,5.05,4.7475,4.5175,3.606,4.915,3.8925,4.22,4.4463,4.42,3.99,4.58,3.7343,3.8155,4.31,4.289,5.043,3.849,4.311,4.066,4.2815,4.408,4.011,3.498,2.31,1.7115,1.947,3.552,3.3945,2.963,1.555,0.505,0.3695,,,,0.2775,,,3.2335,3.145,3.6287,3.472,4.139,4.0347,3.304,3.9387
2008-12-31,3.15,3.193,1.784,2.91,2.359,2.0025,3.17,2.854,,,,,,,,,3.85,3.5125,4.333,4.25,3.765,3.248,4.182,3.0475,2.79,4.585,4.61,3.825,4.69,3.105,2.895,4.49,3.968,4.1275,3.649,3.594,3.629,3.994,4.085,3.669,3.318,1.621,1.075,1.322,3.372,3.169,2.477,0.956,0.22313,0.13,,,,0.07938,,,2.955,2.6845,3.568,3.25,3.923,3.883,2.554,3.7395
2009-01-30,3.5475,3.5475,1.695,3.3875,2.185,1.845,3.4275,2.8775,,,,,,,,,3.3975,3.055,4.3875,3.8475,3.9255,2.664,4.3125,3.4055,2.579,4.279,4.3825,3.5375,4.435,2.9015,2.715,4.355,3.9445,3.483,3.8075,3.202,3.2625,4.1205,4.1715,3.4725,3.625,1.9665,1.3415,1.641,3.766,3.525,2.8225,0.954,0.32,0.2225,,,,0.1225,,,2.569,2.255,3.6975,3.0245,4.0115,3.9995,2.094,3.722
2009-02-27,3.386,3.3625,1.013,3.3413,1.8013,1.3075,3.105,2.474,,,,,,,,,3.7725,3.3025,4.9325,4.2925,4.7755,2.927,4.9625,4.3655,2.585,4.29,4.43,3.626,4.465,2.995,2.77,4.335,3.7045,3.292,3.597,3.0005,3.069,3.982,3.988,3.2595,3.815,1.932,1.114,1.483,3.9595,3.665,2.893,0.775,,0.185,,,,0.1105,,,2.389,2.077,3.4895,2.804,3.798,3.8505,1.8965,3.45
2009-03-31,3.4905,3.443,0.975,3.4725,1.8085,1.3175,3.2205,2.5395,,,,,,,,,3.91,3.4525,5.03,4.505,5.0075,2.914,5.155,4.6575,2.386,4.335,4.515,3.65,4.5275,3.01,2.67,4.54,3.6385,2.721,3.8025,2.625,2.813,4.0275,3.965,3.1625,3.559,1.539,0.8535,1.1655,3.595,3.292,2.505,0.561,0.34,0.195,,,,0.1175,,,2.14,1.808,3.651,2.658,3.766,3.859,1.618,3.373
2009-04-30,3.75,3.675,0.978,3.725,1.9435,1.445,3.4538,2.653,,,,,,,,,3.9075,3.3875,5.137,4.535,5.07625,2.9065,5.222,4.745,2.429,4.505,4.7,3.825,4.705,3.275,2.87,4.725,3.71,2.748,3.89,2.67,2.84,4.0425,3.9725,3.195,3.871,1.917,0.842,1.303,3.965,3.738,2.9945,0.4615,0.34,0.19063,,,,0.10813,,,2.149,1.79,3.755,2.696,3.792,3.893,1.582,3.433
2009-05-29,4.23,4.19,1.0525,4.23,2.1375,1.5675,3.91,2.955,,,,,,,,,4.23,3.59,5.6775,4.95,5.695,3.094,5.7975,5.4225,2.298,4.6875,4.87,3.8975,4.87,3.2825,2.8325,4.89,3.9725,2.45,4.12,2.51,2.83,4.3,4.2375,3.345,4.0545,2.3975,1.067,1.6722,4.167,3.9672,3.309,0.464,0.3425,0.215,,,,0.1225,,,2.146,1.711,3.983,2.832,4.046,4.137,1.444,3.698
2009-06-30,4.065,4.006,0.9875,4.0475,2.1563,1.5788,3.725,2.834,,,,,,,,,4.815,4.14,5.985,5.54,6.0275,3.439,6.1275,5.7725,2.089,4.6125,4.8425,3.8725,4.835,3.2775,2.7525,4.755,3.8875,2.293,4.195,2.5525,2.905,4.3025,4.195,3.3275,4.286,2.588,1.189,1.863,4.413,4.213,3.529,0.517,0.285,0.195,,,,0.12125,,,2.261,1.811,4.045,2.866,4.004,4.13,1.38,3.622
2009-07-31,3.9475,3.9025,0.795,3.9275,2.1925,1.5625,3.6175,2.8625,,,,,,,,,5.04,4.415,6.01,5.64,6.025,3.679,6.12,5.723,2.104,4.7225,4.925,4.0525,4.905,3.4425,2.9025,4.875,3.78,2.108,4.1,2.42,2.785,4.215,4.11,3.22,4.32,2.69,1.33,1.972,4.421,4.207,3.535,0.639,0.2975,0.2025,,,,0.12375,,,2.174,1.7,3.936,2.752,3.899,4.034,1.211,3.499
2009-08-31,3.9025,3.8425,0.8975,3.8825,2.37,1.7625,3.58,2.955,,,,,,,,,5.36,4.95,5.995,5.82,5.9525,4.284,6.00975,5.655,2.569,4.6025,4.805,4.1425,4.795,3.7675,3.3675,4.73,3.725,2.048,4.0175,2.46,2.7925,4.1275,4.025,3.2075,4.235,2.625,1.316,1.929,4.3278,4.1028,3.493,0.642,0.2925,0.19188,0.55,1.1625,1.52,0.118,1.73,1.87,2.185,1.746,3.88,2.748,3.8155,3.951,1.2215,3.4475
2009-09-30,3.87,3.8,0.8425,3.88,2.283,1.66,3.54,2.922,3.4593,0.6085,2.6485,3.9375,3.7678,1.8745,1.2865,3.8687,5.436,5.011,6.017,5.83,5.965,4.3095,6.03838,5.69912,2.625,4.6675,4.905,4.1475,4.9,3.8075,3.4575,4.845,3.7325,1.879,4.085,2.32,2.685,4.175,4.06,3.1525,4.0228,2.6345,1.379,1.9865,4.106,3.8985,3.408,0.642,0.31938,0.20188,0.53,1.1325,1.5,0.12438,1.715,1.8525,2.137,1.6993,3.9422,2.7115,3.8465,3.9955,1.1805,3.4685
2009-10-30,3.9025,3.7725,0.767,3.9075,2.2575,1.6225,3.53,2.878,3.5625,0.587,2.6588,4.142,3.9235,1.841,1.2439,4.046,5.639,5.305,6.165,5.8375,6.0125,4.7105,6.15875,5.885,2.643,4.6325,4.88,4.205,4.87,3.815,3.4475,4.81,3.7775,1.914,4.0675,2.405,2.7625,4.1875,4.0775,3.2,4.2,2.767,1.392,2.02,4.292,4.137,3.6115,0.653,0.315,0.2125,0.54,1.1975,1.585,0.136,1.795,1.91,2.2245,1.791,3.9215,2.754,3.8575,3.9998,1.2415,3.486
2009-11-30,3.8475,3.747,0.787,3.8525,2.176,1.55,3.4775,2.805,3.2963,0.463,2.3176,4.024,3.7438,1.528,0.9957,3.9159,5.2745,4.9555,5.9025,5.7375,5.9005,4.5325,5.925,5.594,2.718,4.475,4.715,4.035,4.675,3.675,3.325,4.625,3.71,1.928,3.975,2.315,2.65,4.12,4.035,3.1025,4.0335,2.421,1.155,1.704,4.1205,3.9515,3.395,0.585,0.275,0.1825,0.4625,1.0525,1.4175,0.12938,1.605,1.705,2.1215,1.7195,3.8025,2.667,3.809,3.928,1.258,3.4195
2009-12-31,3.98,3.849,0.795,3.985,2.218,1.5875,3.595,2.876,4.008,0.673,2.9924,4.569,4.402,2.828,1.4124,4.5115,5.406,5.143,6.2525,5.845,6.2725,4.7415,6.293,5.9275,2.82,4.6925,4.935,4.2525,4.915,3.8625,3.4925,4.86,3.859,1.975,4.094,2.4625,2.79,4.246,4.166,3.201,4.3615,2.864,1.566,2.127,4.528,4.391,3.844,0.814,0.215,0.1375,0.3975,1.08,1.5225,0.09,1.7225,1.805,2.225,1.875,3.944,2.809,3.963,4.062,1.311,3.595
2010-01-29,3.905,3.791,0.838,3.905,2.123,1.5725,3.505,2.771,3.709,0.487,2.6308,4.3805,4.141,1.7125,1.0987,4.2863,5.249,5.031,6.0025,5.565,6.0225,4.7015,6.0625,5.6975,2.917,4.545,4.8,4.115,4.77,3.745,3.415,4.735,3.6875,1.835,3.98,2.19,2.51,4.0875,3.985,2.985,4.257,2.638,1.3605,1.9115,4.367,4.18,3.59,0.7,0.2065,0.1455,0.4025,1.0525,1.475,0.103,1.685,1.8125,2.027,1.646,3.8125,2.5883,3.773,3.895,1.1995,3.39
2010-02-26,3.775,3.676,0.893,3.795,2.113,1.58,3.385,2.714,3.7015,0.468,2.598,4.4188,4.1547,1.668,1.061,4.313,5.1905,4.955,5.9925,5.5875,6.0325,4.622,6.075,5.8275,2.761,4.395,4.64,3.855,4.62,3.475,3.155,4.56,3.6125,1.734,3.88,1.99,2.3,4.025,3.935,2.835,4.286,2.672,1.3538,1.919,4.3735,4.174,3.615,0.712,0.215,0.13875,0.3855,1.06375,1.51125,0.1015,1.74625,1.8725,1.828,1.4493,3.716,2.447,3.721,3.829,1.0898,3.341
2010-03-31,3.68,3.57,1.009,3.695,2.0525,1.6125,3.31,2.624,3.82,0.556,2.7325,4.518,4.259,1.804,1.1923,4.4125,5.543,5.356,6.153,5.863,6.194,4.95,6.24,5.9175,2.811,4.445,4.71,3.91,4.695,3.51,3.19,4.655,3.5475,1.692,3.855,1.9375,2.24,3.9925,3.8825,2.77,4.2345,3.008,1.8565,2.3869,4.3595,4.209,3.7175,1.126,0.2195,0.135,0.4345,1.14,1.6175,0.099,1.8475,1.98,1.797,1.443,3.688,2.3885,3.665,3.793,1.085,3.275
2010-04-30,3.51,3.38,0.9913,3.515,1.95,1.5425,3.105,2.4685,3.659,0.6585,2.6095,4.287,4.053,1.7365,1.1978,4.1925,5.5735,5.381,6.1175,5.885,6.1525,5.069,6.205,5.8525,2.847,4.3538,4.65,3.825,4.635,3.465,3.175,4.595,3.4375,1.662,3.6955,1.865,2.1533,3.8525,3.7775,2.6775,4.2565,3.1895,2.096,2.589,4.4125,4.2927,3.8543,1.4088,0.1985,0.13,0.375,1.06,1.53,0.1,1.76375,1.8875,1.74,1.4163,3.545,2.32,3.5675,3.6685,1.135,3.184
2010-05-31,3.3683,3.209,1.1075,3.3716,1.8295,1.515,2.89,2.305,3.385,0.8615,2.425,4.03,3.768,1.657,1.232,3.92,5.173,5.0465,5.8475,5.48,5.785,4.8505,5.9375,5.455,3.031,4.24,4.525,3.58,4.515,3.275,3.115,4.47,3.1255,1.544,3.316,1.673,1.903,3.501,3.439,2.4,3.9835,3.031,1.996,2.4285,4.2155,4.1085,3.7008,1.357,0.2015,0.11625,0.3625,1.02,1.465,0.098,1.68625,1.79375,1.594,1.3355,3.2,2.125,3.281,3.3505,1.1145,2.9348
2010-06-30,3.42,3.2425,1.2775,3.4575,1.995,1.72,3.0063,2.42,3.0009,0.723,2.0465,3.6933,3.4141,1.331,0.971,3.5785,4.969,4.908,5.57625,5.235,5.58625,4.8575,5.67,5.28,2.94,4.0875,4.355,3.54,4.345,3.34,3.12,4.3,3.046,1.593,3.294,1.6995,1.8625,3.46,3.385,2.285,4.0086,2.558,1.5665,1.975,4.146,3.966,3.4268,1.1742,0.1425,0.1125,0.2745,0.8275,1.2475,0.085,1.47,1.5625,1.5825,1.355,3.212,2.071,3.252,3.3543,1.172,2.8863
2010-07-30,3.4975,3.3375,1.405,3.5111,2.0848,1.8045,3.065,2.4975,2.894,0.486,1.777,3.7113,3.371,1.0705,0.733,3.5575,4.996,4.928,5.5975,5.245,5.6375,4.8645,5.691,5.3825,2.737,4.105,4.345,3.515,4.335,3.275,3.1108,4.28,3.129,1.56,3.463,1.7518,1.9758,3.604,3.486,2.403,3.99,2.4475,1.5585,1.8995,4.108,3.9025,3.3633,1.27,0.13425,0.1075,0.241,0.785,1.1825,0.086,1.395,1.49,1.658,1.417,3.351,2.141,3.334,3.467,1.207,2.9465
2010-08-31,2.8556,2.685,1.446,2.8917,1.8535,1.6955,2.485,2.083,2.483,0.429,1.5608,3.1415,2.869,0.9475,0.652,3.0295,4.707,4.667,5.2,4.9545,5.24,4.66,5.28625,4.96438,2.721,3.645,3.96,3.225,3.92,3.0763,2.9885,3.9,2.51,1.5055,2.7085,1.5743,1.68,2.8455,2.74,1.976,3.603,2.0395,1.321,1.5455,3.728,3.4795,2.919,1.1488,0.093,0.08,0.22,0.7475,1.15,0.071,1.3725,1.495,1.3715,1.229,2.5688,1.708,2.6025,2.695,1.1455,2.328
2010-09-30,3.2006,3.059,1.7275,3.225,2.158,1.985,2.857,2.46,2.574,0.403,1.5163,3.3467,3.0215,0.8715,0.603,3.211,5.252,5.201,5.535,5.45,5.56,5.1185,5.59,5.28388,2.749,3.965,4.2925,3.545,4.2525,3.275,3.1095,4.255,2.7738,1.6405,2.952,1.806,1.9563,3.125,3.038,2.245,3.447,2.069,1.5215,1.6785,3.5615,3.39,2.8865,1.377,0.075,0.07375,0.1665,0.7175,1.15,0.07,1.3875,1.5175,1.631,1.467,2.833,1.967,2.88,2.976,1.28,2.578
2010-10-29,3.3775,3.325,1.8575,3.3613,2.272,2.0773,3.091,2.6525,2.683,0.367,1.4168,3.6351,3.2215,0.728,0.4995,3.454,5.2855,5.1095,5.68,5.5025,5.685,5.03,5.7475,5.4,2.572,4.085,4.325,3.455,4.29,3.08,2.905,4.32,2.99,1.7135,3.0745,1.9165,2.0975,3.285,3.255,2.4463,3.5705,2.0365,1.513,1.6649,3.6708,3.4945,2.9558,1.3499,0.095,0.0845,0.1925,0.7125,1.1775,0.0785,1.4425,1.5875,1.7799,1.59,2.952,2.1545,3.0925,3.1435,1.3928,2.7895
2010-11-30,3.5638,3.48,2.0025,3.5251,2.4625,2.265,3.303,2.843,2.961,0.5625,1.7464,3.8198,3.4575,1.025,0.7608,3.6657,5.38,5.243,5.9575,5.7245,5.92875,5.2,6.01875,5.688,2.615,4.1275,4.42,3.5013,4.39,3.1113,2.9115,4.41,3.2395,1.683,3.2985,1.8915,2.0938,3.56,3.541,2.5788,3.68,2.472,1.733,1.9764,3.8365,3.719,3.2725,1.5402,0.17,0.1375,0.32125,0.9325,1.36625,0.11,1.5875,1.70625,1.7835,1.553,3.194,2.294,3.388,3.433,1.361,3.054
2010-12-31,3.9125,3.8275,2.276,3.8675,2.8125,2.5825,3.622,3.2,3.3795,0.4492,2.173,4.104,3.8365,1.27,0.7921,3.9988,5.5365,5.337,6.0625,5.865,6.0825,5.173,6.1525,5.8125,2.7625,4.4049,4.73,3.8053,4.69,3.395,3.135,4.67,3.5135,1.643,3.6225,2.0315,2.3263,3.865,3.804,2.7888,3.8539,2.5844,1.81,2.0819,3.9826,3.85,3.3843,1.5493,0.17,0.13,0.29375,0.85875,1.265,0.0975,1.47375,1.55875,1.898,1.5505,3.501,2.491,3.64,3.702,1.311,3.299
2011-01-31,3.9774,3.8775,2.5163,3.9524,3.1525,2.915,3.734,3.4508,3.4716,0.4425,2.1819,4.308,3.9771,1.2584,0.7912,4.1662,5.4575,5.329,6.0225,5.713,5.99125,5.1805,6.1,5.7025,2.855,4.465,4.74,4.04,4.685,3.6805,3.3695,4.63,3.609,1.759,3.754,2.284,2.6163,3.938,3.918,3.0738,4.0793,2.6609,1.7735,2.0888,4.156,4.0162,3.5378,1.4644,0.1875,0.135,0.3425,0.9325,1.3475,0.09875,1.56375,1.66875,2.3525,2.013,3.67,2.834,3.7688,3.8283,1.5825,3.455
2011-02-28,3.91,3.8725,2.7625,3.8827,3.3475,3.12,3.755,3.5613,3.5408,0.418,2.3513,4.286,3.995,1.424,0.8812,4.165,5.491,5.372,6.055,5.75125,6.0075,5.2095,6.1295,5.69875,2.992,4.535,4.85,4.185,4.79,3.8255,3.5148,4.74,3.6135,1.715,3.751,2.378,2.675,3.923,3.877,3.0938,4.1531,2.8522,1.9915,2.3253,4.2061,4.074,3.6162,1.615,0.22125,0.15,0.395,0.98875,1.39125,0.105,1.6,1.69375,2.378,2.0965,3.644,2.82,3.7235,3.7933,1.6735,3.4196
2011-03-31,3.9385,3.905,2.8613,3.91,3.435,3.205,3.843,3.6188,3.574,0.4745,2.4654,4.2871,4.0134,1.57,1.005,4.1767,5.418,5.273,6.008,5.69,5.98,5.0765,6.1015,5.7,3.062,4.67,4.955,4.305,4.885,3.9676,3.6305,4.865,3.8338,2.071,3.9465,2.596,2.9238,4.1463,4.076,3.3388,4.2008,2.9445,2.0104,2.3801,4.321,4.1982,3.7461,1.5795,0.145,0.1035,0.3245,0.935,1.3775,0.0825,1.595,1.7225,2.673,2.3525,3.879,3.096,3.944,4.024,1.883,3.645
2011-04-29,3.933,3.8925,2.9113,3.8975,3.376,3.23,3.763,3.6325,3.366,0.385,2.147,4.163,3.855,1.2608,0.78,4.0293,5.466,5.329,5.97025,5.71938,5.978,5.1645,6.055,5.714,3.086,4.5595,4.84,4.215,4.775,3.89,3.605,4.74,3.7485,2.037,3.9268,2.5638,2.844,4.08,3.991,3.2638,4.12,2.724,1.9122,2.221,4.1893,4.0395,3.5735,1.575,0.135,0.0975,0.2725,0.865,1.3,0.0745,1.5275,1.67,2.612,2.3345,3.789,3.026,3.8385,3.9155,1.9555,3.551
2011-05-31,3.7142,3.6756,2.8455,3.6875,3.21,3.07,3.575,3.3725,3.1615,0.362,1.934,3.9795,3.6497,1.082,0.6595,3.838,5.293,5.21,5.77,5.475,5.7575,5.154,5.855,5.4725,3.1415,4.385,4.675,4.0,4.615,3.7385,3.5396,4.6025,3.5105,1.978,3.7233,2.3225,2.545,3.8645,3.8,2.955,3.8769,2.4778,1.757,2.0313,3.9593,3.8117,3.336,1.455,0.1275,0.095,0.2735,0.82875,1.2425,0.0775,1.4625,1.585,2.372,2.1545,3.625,2.7745,3.671,3.7565,1.909,3.353
2011-06-30,3.67,3.625,2.815,3.625,3.07,2.9575,3.53,3.27,3.279,0.388,2.0335,4.074,3.764,1.1455,0.7015,3.9435,5.28841,5.14282,5.855,5.515,5.935,5.06877,5.985,5.6775,3.2745,4.375,4.75,3.99,4.655,3.78,3.6175,4.64,3.6175,2.0075,3.959,2.39,2.614,4.0225,3.905,3.023,3.955,2.5115,1.749,2.0235,4.041,3.899,3.409,1.472,0.12375,0.095,0.25,0.8175,1.23375,0.0775,1.4525,1.58125,2.389,2.1775,3.828,2.817,3.768,3.8805,1.973,3.426
2011-07-29,3.2748,3.255,2.7425,3.2425,2.8025,2.8075,3.155,2.9075,2.925,0.445,1.6235,3.8075,3.452,0.8545,0.59,3.6535,4.91124,4.923,5.5225,5.15,5.695,4.99994,5.7,5.4375,3.178,4.135,4.535,3.71,4.445,3.52,3.425,4.46,3.33,,3.5205,2.1025,2.2687,3.665,3.6225,2.6925,3.669,2.1905,1.5705,1.783,3.728,3.577,3.077,1.425,0.10625,0.0875,0.1925,0.7225,1.1325,0.0775,1.3475,1.465,2.065,1.906,3.433,2.48,3.49,3.542,1.8635,3.149
2011-08-31,2.85,2.87,2.425,2.85,2.33,2.205,2.845,2.5425,2.402,0.4638,1.265,3.2545,2.8934,0.652,0.495,3.088,4.5217,4.4101,5.165,4.785,5.375,4.41423,5.3575,5.12,3.0755,3.98,4.1775,3.566,4.105,3.34,3.23,4.235,2.984,1.592,3.26,1.718,1.84,3.3875,3.359,2.335,3.2615,1.799,1.2045,1.3942,3.3285,3.2005,2.718,1.1488,0.08125,0.07,0.1775,0.69625,1.1125,0.0625,1.33,1.44375,1.717,1.571,3.196,2.183,3.224,3.309,1.618,2.857
2011-09-30,2.4775,2.5062,2.085,2.4612,2.025,1.9775,2.473,2.2425,2.108,0.5322,1.253,2.6966,2.473,0.7374,0.5765,2.6035,4.24117,4.18787,4.7875,4.455,4.925,4.30029,5.0075,4.7175,2.673,3.602,,3.155,,2.845,2.785,3.805,2.545,1.46,2.7,1.4375,1.5766,2.83,2.803,1.954,2.908,1.51,0.966,1.141,3.0313,2.934,2.427,1.017,0.0875,0.065,0.217,0.7025,1.09,0.06,1.285,1.38283,1.594,1.502,2.718,1.966,2.805,2.83,1.593,2.537
2011-10-31,2.57,2.63,2.338,2.5025,2.229,2.218,2.62,2.3775,2.283,0.531,1.275,2.9097,2.674,0.7105,0.5645,2.8095,4.48113,4.42978,5.0825,4.64,5.215,4.4639,5.265,5.0325,3.1335,3.815,3.895,3.4,3.9,3.115,3.0295,3.915,2.661,1.4625,2.8215,1.5525,1.6825,2.9737,2.94,2.066,3.1785,1.632,1.116,1.287,3.247,3.121,2.5775,1.162,0.09,0.069,0.1875,0.7025,1.1075,0.0675,1.32625,1.4275,1.598,1.494,2.752,1.862,2.775,2.853,1.596,2.469
2011-11-30,2.2988,2.387,2.0675,2.2144,1.7925,1.7855,2.389,2.0125,2.217,0.615,1.321,2.7385,2.5605,0.81,0.667,2.663,4.06753,3.98289,4.783,4.385,4.9225,3.97485,4.973,4.7125,3.06,3.795,3.89,3.317,3.875,2.9495,2.847,3.87,2.57,1.288,2.634,1.3181,1.464,2.8425,2.84,1.9286,2.769,1.5765,1.153,1.2675,2.8985,2.817,2.402,1.155,0.08125,0.0575,0.1875,0.70625,1.09125,0.05,1.30625,1.4175,1.591,1.439,2.86,2.039,3.022,3.029,1.495,2.73
2011-12-30,2.3125,2.36,2.078,2.235,1.8425,1.86,2.284,1.955,2.036,0.6825,1.227,2.6148,2.3945,0.8245,0.7261,2.5209,4.0195,4.04924,4.58,4.3075,4.76,4.0681,4.7605,4.61,2.8545,3.565,3.635,3.135,3.635,2.81,2.745,3.65,2.236,1.1301,2.3975,1.097,1.1921,2.5375,2.515,1.574,2.592,1.4455,1.1363,1.2178,2.7503,2.663,2.2155,1.176,0.0675,0.0575,0.14125,0.5975,0.97875,0.05125,1.18602,1.28915,1.381,1.3125,2.5586,1.705,2.659,2.685,1.42,2.379
2012-01-31,2.3825,2.41,2.034,2.29,1.807,1.812,2.3225,1.97,1.9155,0.496,0.988,2.6395,2.342,0.59,0.512,2.5065,3.95593,3.98603,4.5825,4.205,4.74,4.08669,4.7625,4.545,2.7655,3.555,3.76,3.005,3.76,2.6945,2.645,3.74,2.221,1.1725,2.4425,1.075,1.134,2.57,2.535,1.51,2.648,1.455,1.168,1.2117,2.7525,2.6418,2.203,1.225,0.07875,0.067,0.14375,0.605,1.0075,0.06375,1.2175,1.34,1.183,1.128,2.467,1.534,2.551,2.59,1.242,2.24
2012-02-29,2.6775,2.7,2.045,2.5875,2.009,1.955,2.565,2.185,2.0615,0.4895,1.11,2.78,2.4895,0.673,0.5527,2.6533,4.3565,4.35801,4.8075,4.53,5.018,4.3658,5.0075,4.805,2.819,3.555,3.755,3.125,3.735,2.87,2.805,3.725,2.33,1.1625,2.583,1.177,1.272,2.681,2.6325,1.6275,2.851,1.6815,1.31,1.4256,2.986,2.865,2.388,1.274,0.0775,0.071,0.145,0.63125,1.035,0.0675,1.26,1.39875,1.199,1.1075,2.517,1.55,2.5665,2.621,1.1455,2.261
2012-03-30,2.7475,2.765,2.1255,2.6525,2.185,2.115,2.6425,2.34,2.287,0.4965,1.272,3.04,2.735,0.7565,0.581,2.908,4.16735,4.104,4.7525,4.3765,4.95,4.128,4.9515,4.7525,2.65,3.6375,3.8175,3.1825,3.8075,2.8875,2.7475,3.805,2.363,1.166,2.6115,1.1771,1.3011,2.7314,2.685,1.66,2.979,1.861,1.41,1.563,3.12,2.994,2.564,1.314,0.0925,0.0775,0.184,0.6875,1.1,0.07375,1.3325,1.47625,1.201,1.0795,2.568,1.5913,2.601,2.68,1.031,2.308
2012-04-30,2.548,2.595,2.0475,2.4725,2.0575,2.009,2.525,2.1875,2.0395,0.5015,1.094,2.821,2.4983,0.666,0.5475,2.68,3.8776,3.84532,4.4625,4.0975,4.635,3.8134,4.6625,4.43125,2.715,3.605,3.745,3.175,3.7325,2.905,2.789,3.705,2.278,1.094,2.5836,1.0441,1.1525,2.6841,2.6247,1.522,2.943,1.9586,1.595,1.7259,3.075,2.9522,2.5485,1.474,0.075,0.07,0.12875,0.5775,0.98875,0.07,1.22375,1.3775,1.04,0.928,2.5002,1.4203,2.535,2.6002,0.925,2.1902
2012-05-31,2.09,2.135,1.895,2.01,1.7645,1.7685,2.0885,1.85,1.7385,0.5665,1.0015,2.383,2.122,0.6866,0.6175,2.272,3.17534,3.0911,3.8425,3.4275,3.93,3.02435,4.0175,3.7225,2.661,3.2258,3.33,2.8854,3.31,2.693,2.6348,3.295,1.635,0.883,1.826,0.815,0.87,1.89,1.8725,1.12,2.39,1.5185,1.282,1.3534,2.5238,2.4269,2.059,1.256,0.0725,0.0675,0.12,0.4925,0.87,0.065,1.0875,1.2075,0.917,0.862,1.8612,1.1692,1.915,1.931,0.887,1.681
2012-06-29,2.4125,2.47,1.9465,2.3825,1.9205,1.88,2.3955,2.085,1.7745,0.5025,0.964,2.504,2.1955,0.6275,0.547,2.365,3.40214,3.33455,3.9875,3.61,4.1475,3.3637,4.1825,3.94,2.589,3.4,3.51,2.895,3.51,2.6495,2.57,3.49,1.98,0.7458,2.32,0.752,0.8725,2.329,2.298,1.252,2.608,1.5599,1.253,1.3621,2.6948,2.5997,2.1762,1.2325,0.0675,0.065,0.11875,0.5175,0.92,0.065,1.16,1.315,0.9509,0.8555,2.2873,1.306,2.2827,2.3034,0.853,1.9831
2012-07-31,2.32,2.365,1.911,2.293,1.8245,1.8225,2.2725,1.93,1.589,0.393,0.782,2.3245,2.0095,0.473,0.4142,2.1836,3.34292,3.31338,3.8225,3.4925,4.0725,3.3712,4.03,3.91,2.301,3.145,3.265,2.595,3.26,2.325,2.2646,3.285,1.776,0.525,2.235,0.516,0.619,2.194,2.14,0.973,2.516,1.6025,1.335,1.4272,2.6183,2.5272,2.118,1.302,0.06125,0.0575,0.1025,0.48,0.88625,0.06,1.13,1.27,0.69,0.6117,2.207,1.02,2.124,2.181,0.605,1.7717
2012-08-31,2.2825,2.3375,1.7315,2.2525,1.7045,1.6805,2.2325,1.845,1.6595,0.3805,0.773,2.4705,2.12,0.461,0.402,2.31,3.25984,3.22495,3.82375,3.4225,4.0825,3.3067,4.025,3.9225,2.303,3.1602,3.32,2.5952,3.3325,2.353,2.2875,3.3175,1.759,0.548,2.2275,0.55,0.651,2.2054,2.1275,0.99,2.5028,1.668,1.4105,1.4939,2.6162,2.5345,2.18,1.36,0.0675,0.065,0.12625,0.51125,0.935,0.0675,1.17625,1.32125,0.5897,0.4989,2.1866,0.934,2.087,2.153,0.494,1.7126
2012-09-28,2.24,2.255,1.4545,2.2225,1.45,1.4075,2.1125,1.6425,1.704,0.3385,0.765,2.602,2.214,0.439,0.367,2.4265,3.115,3.02815,3.6925,3.27185,3.965,3.0751,3.915,3.805,2.152,3.192,3.3775,2.5446,3.3775,2.2447,2.157,3.3675,1.855,0.587,2.3725,0.6275,0.735,2.345,2.246,1.108,2.511,1.61,1.3205,1.411,2.6175,2.5195,2.1499,1.2789,0.06875,0.0695,0.125,0.5325,0.95625,0.0675,1.205,1.34375,0.5706,0.457,2.327,0.947,2.166,2.2771,0.409,1.751
2012-10-31,2.2925,2.25,1.369,2.2925,1.417,1.3585,2.08,1.61,1.738,0.331,0.826,2.6045,2.238,0.481,0.387,2.4415,3.09879,3.02,3.74,3.28625,4.075,2.987,3.985,3.9375,2.126,3.22,3.425,2.5775,3.425,2.27,2.17,3.415,1.913,0.619,2.395,0.702,0.826,2.393,2.294,1.169,2.605,1.6412,1.311,1.4116,2.6992,2.5943,2.2005,1.265,0.07,0.064,0.13,0.5775,1.05,0.0675,1.32875,1.5075,0.5935,0.4736,2.3415,0.9545,2.1917,2.3101,0.401,1.7695
2012-11-30,2.34,2.295,1.305,2.358,1.3555,1.2925,2.0665,1.57,1.6648,0.331,0.755,2.579,2.1815,0.4425,0.37,2.4004,3.14928,3.067,3.7675,3.34,4.145,3.06866,4.045,4.0225,2.114,3.1202,3.335,2.505,3.345,2.22,2.135,3.33,1.758,0.426,2.3135,0.565,0.666,2.289,2.169,0.996,2.534,1.621,1.3235,1.4193,2.625,2.524,2.144,1.2736,0.0625,0.0613,0.1025,0.53375,1.02375,0.064,1.33125,1.54125,0.5182,0.4096,2.2908,0.852,2.1062,2.2418,0.353,1.6652
2012-12-31,2.327,2.278,1.2,2.347,1.303,1.222,2.033,1.5225,1.816,0.328,0.841,2.8035,2.359,0.4925,0.3915,2.594,3.0475,2.907,3.8275,3.29,4.285,2.7765,4.125,4.315,2.022,3.125,3.345,2.48,3.345,2.1925,2.095,3.34,1.6725,0.433,2.2737,0.557,0.655,2.235,2.09,0.919,2.6255,1.704,1.4025,1.4976,2.723,2.6224,2.2454,1.329,0.061,0.057,0.14625,0.66,1.15375,0.06,1.4625,1.6925,0.469,0.375,2.233,0.77,2.01,2.163,0.326,1.57
2013-01-31,2.7375,2.665,1.211,2.77,1.548,1.365,2.415,1.8925,2.063,0.342,1.029,3.007,2.599,0.5785,0.434,2.827,3.105,3.0239,4.0,3.455,4.52,2.8543,4.3325,4.5975,2.105,3.43,3.65,2.8297,3.645,2.47,2.28,3.675,2.074,0.632,2.5163,0.921,1.078,2.497,2.4075,1.394,2.838,1.8204,1.424,1.556,2.938,2.823,2.4216,1.31,0.06,0.0575,0.1125,0.6,1.11125,0.05875,1.455,1.7425,0.8531,0.698,2.433,1.1875,2.277,2.3964,0.512,1.907
2013-02-28,2.748,2.6325,1.255,2.815,1.5305,1.3715,2.363,1.8205,1.9665,0.32,0.924,2.946,2.519,0.501,0.3828,2.7595,3.098,2.9475,3.95,3.41,4.45,2.8425,4.295,4.5,2.04,3.291,3.525,2.621,3.495,2.275,2.125,3.515,1.905,0.547,2.46,0.647,0.773,2.427,2.317,1.111,2.812,1.6283,1.2421,1.3625,2.867,2.728,2.2824,1.24,0.06125,0.05688,0.125,0.5525,1.02375,0.05625,1.34625,1.55125,0.571,0.444,2.3949,0.918,2.1908,2.344,0.355,1.748
2013-03-29,2.675,2.553,1.315,2.7625,1.538,1.4175,2.305,1.79,2.007,0.351,0.9538,2.993,2.575,0.5347,0.42,2.807,3.3095,3.169,4.0425,3.5575,4.4525,3.0693,4.3275,4.495,1.95,3.165,3.4175,2.4525,3.4,2.125,1.9975,3.43,1.814,0.461,2.37,0.656,0.766,2.344,2.212,1.082,2.813,1.6805,1.316,1.4292,2.881,2.739,2.304,1.2719,0.0713,0.065,0.14,0.505,0.9275,0.06125,1.235,1.45,0.607,0.498,2.321,0.92,2.101,2.2535,0.408,1.673
2013-04-30,2.443,2.32,1.185,2.553,1.3405,1.235,2.0635,1.5735,1.848,0.295,0.837,2.81,2.391,0.454,0.348,2.626,3.0,2.846,3.795,3.27,4.23,2.797,4.0675,4.2325,1.852,2.92,3.195,2.2425,3.155,1.954,1.86,3.215,1.606,0.477,2.197,0.5465,0.631,2.147,2.016,0.9095,2.649,1.5885,1.273,1.3645,2.71,2.5707,2.1605,1.255,0.11875,0.08625,0.21625,0.5525,0.97,0.0775,1.285,1.49,0.474,0.392,2.149,0.751,1.911,2.067,0.328,1.476
2013-05-31,2.753,2.623,1.2175,2.858,1.4785,1.3275,2.3575,1.7975,2.305,0.3364,1.2063,3.215,2.83,0.6585,0.4585,3.05,3.006,2.7875,3.945,3.3675,4.415,2.6975,4.3025,4.485,1.894,3.1175,3.37,2.435,3.345,2.09,1.97,3.37,1.8915,0.474,2.45,0.596,0.748,2.43,2.298,1.114,2.958,1.8875,1.4265,1.575,3.0395,2.9225,2.523,1.3223,0.1475,0.1035,0.30125,0.74875,1.155,0.084,1.41688,1.59875,0.5825,0.4385,2.3948,0.933,2.169,2.3298,0.33,1.7268
2013-06-28,3.015,2.925,1.3145,3.045,1.7585,1.52,2.7295,2.1885,2.697,0.3575,1.566,3.448,3.17,0.819,0.511,3.336,3.135,2.8795,4.3225,3.575,4.6,2.7125,4.608,4.6,1.832,3.245,3.475,2.6,3.45,2.185,1.9819,3.48,2.2175,0.514,2.5875,0.817,1.011,2.626,2.558,1.462,3.2975,2.25,1.5615,1.7989,3.4075,3.314,2.93,1.342,0.135,0.11,0.2675,0.73313,1.15625,0.0863,1.435,1.6125,0.7865,0.598,2.505,1.221,2.382,2.49,0.438,2.005
2013-07-31,2.973,2.883,1.2725,3.0125,1.6625,1.448,2.6595,2.09,2.7705,0.3325,1.552,3.617,3.281,0.7728,0.4775,3.476,2.918,2.67,4.145,3.37,4.475,2.527,4.43,4.465,1.834,3.32,3.555,2.605,3.525,2.16,1.965,3.515,2.1975,0.492,2.575,0.756,0.951,2.641,2.567,1.421,3.376,2.2025,1.5146,1.7484,3.4535,3.34,2.932,1.351,0.1275,0.1,0.23125,0.70375,1.135,0.08375,1.41688,1.605,0.717,0.553,2.4822,1.1623,2.365,2.4752,0.409,1.9582
2013-08-30,3.155,3.09,1.3925,3.197,1.9485,1.668,2.8855,2.3655,2.981,0.3395,1.8075,3.7205,3.438,0.969,0.568,3.608,3.098,2.7914,4.4175,3.6,4.8,2.565,4.7125,4.7775,1.921,3.48,3.675,2.81,3.665,2.37,2.145,3.66,2.457,0.649,2.7815,0.878,1.121,2.8725,2.8275,1.65,3.5095,2.3148,1.5238,1.8066,3.6028,3.4923,3.0643,1.319,0.12,0.0955,0.21625,0.64313,1.0675,0.0788,1.35375,1.545,0.863,0.626,2.7135,1.365,2.599,2.7135,0.442,2.1905
2013-09-30,3.083,3.0145,1.3175,3.105,1.8175,1.558,2.7985,2.2525,2.764,0.3155,1.5375,3.657,3.2835,0.7628,0.4604,3.498,3.1075,2.81,4.3275,3.6,4.705,2.555,4.645,4.7275,1.913,3.371,3.535,2.735,3.515,2.2975,2.08,3.525,2.3525,0.632,2.7625,0.805,1.0225,2.8075,2.7275,1.5295,3.5425,2.241,1.467,1.738,3.605,3.4728,3.0304,1.299,0.112,0.086,0.20625,0.6075,1.0375,0.0725,1.325,1.52875,0.7455,0.55,2.612,1.218,2.474,2.596,0.415,2.061
2013-10-31,2.958,2.888,1.265,2.9875,1.688,1.453,2.6685,2.093,2.7,0.292,1.465,3.6015,3.2205,0.698,0.4255,3.437,3.2505,2.917,4.46,3.75,4.84,2.665,4.77,4.8725,1.858,3.255,3.4325,2.6,3.425,2.2,2.0,3.4425,2.199,0.582,2.743,0.719,0.91,2.74,2.617,1.366,3.4565,2.0895,1.3917,1.6138,3.5113,3.371,2.901,1.286,0.0913,0.08,0.16,0.49375,0.91875,0.0713,1.22,1.42,0.658,0.493,2.62,1.099,2.415,2.566,0.385,1.97
2013-11-29,2.953,2.875,1.115,3.0025,1.5235,1.28,2.623,1.9685,2.832,0.2687,1.471,3.745,3.363,0.656,0.377,3.5825,3.248,2.915,4.595,3.7975,5.02,2.64,4.925,5.05,1.785,3.165,3.395,2.45,3.375,2.04,1.865,3.35,2.19,0.5025,2.7581,0.614,0.797,2.766,2.63,1.263,3.5615,2.0445,1.361,1.5566,3.59,3.438,2.954,1.276,0.085,0.0745,0.1625,0.525,0.95375,0.0675,1.27125,1.47375,0.5965,0.4305,2.61,1.054,2.429,2.578,0.353,1.968
2013-12-31,3.2025,3.1225,1.013,3.2525,1.58,1.264,2.8725,2.18,3.0975,0.312,1.7865,3.929,3.595,0.876,0.49,3.802,3.359,2.961,4.585,3.77,4.985,2.6619,4.9325,5.0075,1.777,3.365,3.6075,2.605,3.5975,2.115,1.9,3.6,2.393,0.537,2.898,0.716,0.957,2.918,2.805,1.5,3.6715,2.292,1.393,1.6769,3.7625,3.6425,3.1933,1.265,0.11125,0.081,0.23125,0.66875,1.10625,0.07,1.3975,1.62375,0.755,0.53,2.7309,1.2591,2.583,2.716,0.414,2.1551
2014-01-31,2.933,2.857,0.991,2.983,1.4755,1.2,2.5985,1.9615,2.7855,0.2835,1.607,3.5965,3.266,0.8185,0.4595,3.4645,3.1675,2.868,4.3875,3.6425,4.8375,2.675,4.745,4.8625,1.734,3.08,3.3605,2.395,3.345,1.98,1.8,3.2855,2.158,0.5385,2.733,0.637,0.815,2.725,2.585,1.281,3.3755,1.918,1.249,1.4412,3.4133,3.262,2.782,1.2119,0.09,0.0725,0.1575,0.54,0.9725,0.06875,1.25875,1.47875,0.5826,0.436,2.5101,1.015,2.334,2.483,0.378,1.88
2014-02-28,2.9195,2.8375,0.95,2.963,1.4154,1.1485,2.5795,1.9025,2.761,0.2665,1.6005,3.571,3.24,0.8115,0.4497,3.4395,3.114,2.8572,4.385,3.595,4.8325,2.7079,4.735,4.8575,1.838,3.1751,3.455,2.5204,3.445,2.11,1.94,3.385,2.114,0.5319,2.712,0.653,0.837,2.694,2.546,1.262,3.37,1.943,1.315,1.4994,3.391,3.237,2.778,1.2465,0.0775,0.0675,0.15,0.54375,0.975,0.065,1.27187,1.49375,0.606,0.461,2.485,0.9999,2.282,2.438,0.394,1.84
2014-03-31,2.828,2.745,0.897,2.875,1.326,1.0735,2.4725,1.8,2.8415,0.27,1.8025,3.5415,3.261,0.9915,0.545,3.434,3.274,3.01,4.415,3.71,4.8425,2.7498,4.74,4.8925,1.874,3.13,3.41,2.525,3.38,2.145,1.975,3.3355,2.046,0.5585,2.67,0.663,0.83,2.651,2.493,1.222,3.3915,2.0475,1.369,1.5832,3.4135,3.272,2.8375,1.275,0.08,0.065,0.175,0.58625,1.0175,0.061,1.32063,1.53875,0.6114,0.478,2.448,0.9718,2.228,2.391,0.412,1.7815
2014-04-30,2.7225,2.6225,0.825,2.768,1.166,0.94,2.3175,1.62,2.754,0.2605,1.757,3.448,3.161,0.9735,0.531,3.3345,3.156,2.9251,4.215,3.53,4.6225,2.7566,4.5225,4.6725,1.916,3.09,3.37,2.478,3.355,2.128,1.98,3.3,1.968,0.5505,2.604,0.629,0.763,2.562,2.403,1.152,3.3545,2.034,1.389,1.5933,3.3561,3.2081,2.784,1.285,0.08375,0.0663,0.16625,0.5225,0.945,0.0625,1.25063,1.48125,0.57,0.448,2.367,0.9156,2.145,2.308,0.4108,1.707
2014-05-30,2.61,2.4825,0.7825,2.665,1.07,0.88,2.16,1.46,2.5875,0.2655,1.6205,3.3075,3.003,0.9095,0.513,3.186,3.0155,2.849,4.015,3.3585,4.435,2.72055,4.3225,4.475,1.945,2.965,3.245,2.385,3.215,2.09,1.977,3.24,1.822,0.508,2.496,0.54,0.653,2.443,2.28,0.993,3.2075,1.904,1.3603,1.537,3.2007,3.0584,2.647,1.2715,0.07625,0.06375,0.13875,0.46438,0.885,0.06125,1.195,1.43625,0.458,0.37,2.258,0.762,2.011,2.189,0.355,1.556
2014-06-30,2.5525,2.4025,0.69,2.603,0.9565,0.786,2.0675,1.3425,2.631,0.286,1.702,3.3303,3.0335,0.9973,0.583,3.212,2.961,2.812,3.9225,3.29,4.35,2.697,4.23,4.4025,1.787,2.792,3.1,2.15,3.06,1.855,1.775,3.11,1.757,0.548,2.446,0.571,0.654,2.386,2.207,0.94,3.26,1.9464,1.423,1.6028,3.228,3.0795,2.6696,1.292,0.068,0.0625,0.1025,0.44125,0.8575,0.06,1.17125,1.43,0.3855,0.311,2.182,0.6542,1.896,2.088,0.289,1.44
2014-07-31,2.4225,2.2625,0.5075,2.488,0.81,0.63,1.9175,1.1925,2.6978,0.3372,1.884,3.2987,3.048,1.197,0.7287,3.2013,2.964,2.8004,3.8775,3.275,4.305,2.669,4.17,4.3725,1.701,2.655,2.95,2.052,2.915,1.788,1.71,2.96,1.694,0.5735,2.354,0.612,0.687,2.292,2.122,0.944,3.158,1.9345,1.4125,1.5997,3.142,2.996,2.5989,1.292,0.06,0.05625,0.10625,0.4125,0.83125,0.056,1.14625,1.40875,0.4059,0.336,2.073,0.648,1.8035,1.986,0.308,1.3745
2014-08-29,2.138,1.978,0.4675,2.17,0.695,0.55,1.638,1.005,2.497,0.3345,1.7735,3.068,2.821,1.153,0.7135,2.968,2.906,2.749,3.66,3.1875,4.1,2.645,3.95,4.1725,1.838,2.585,2.89,2.12,2.825,1.935,1.862,2.89,1.427,0.5195,2.095,0.544,0.611,1.985,1.805,0.81,3.0215,1.8837,1.4258,1.5878,2.9981,2.8461,2.459,1.3051,0.06125,0.05875,0.11125,0.3775,0.775,0.05625,1.09938,1.37125,0.321,0.2655,1.76,0.5035,1.464,1.6415,0.247,1.0895
2014-09-30,2.2675,2.1,0.455,2.348,0.7025,0.545,1.7475,1.055,2.64,0.3596,1.9329,3.19,2.9453,1.2951,0.818,3.088,3.0,2.883,3.84,3.3125,4.2925,2.784,4.1225,4.365,1.76,2.5625,2.8725,2.065,2.8275,1.8575,1.7775,2.9,1.463,0.443,2.1925,0.471,0.529,2.094,1.897,0.746,3.1135,1.992,1.447,1.652,3.1,2.9649,2.5985,1.2935,0.06625,0.0625,0.125,0.42,0.8225,0.0594,1.1475,1.4075,0.247,0.1928,1.913,0.446,1.579,1.7905,0.175,1.139
2014-10-31,2.0275,1.853,0.264,2.098,0.442,0.33,1.4875,0.76,2.481,0.3245,1.7565,3.057,2.795,1.137,0.708,2.945,2.899,2.811,3.72,3.185,4.18,2.759,4.005,4.27,1.561,2.349,2.69,1.783,2.6225,1.589,1.53,2.7,1.38,0.455,2.085,0.486,0.539,1.9725,1.785,0.725,2.9821,1.9235,1.4079,1.5849,2.9883,2.873,2.5138,1.2892,0.045,0.045,0.0975,0.36,0.74875,0.046,1.05188,1.295,0.2689,0.218,1.81,0.437,1.476,1.681,0.193,1.0645
2014-11-28,1.928,1.728,0.264,2.008,0.4,0.305,1.328,0.6651,2.3,0.3335,1.622,2.875,2.612,1.069,0.6915,2.7635,2.78,2.748,3.465,2.985,3.935,2.742,3.7575,4.04,1.538,2.1751,2.52,1.6752,2.4425,1.5075,1.48,2.52,1.2181,0.4535,1.8888,0.477,0.532,1.78,1.595,0.684,2.839,1.794,1.3865,1.5334,2.8244,2.698,2.3395,1.31,0.055,0.054,0.11125,0.3625,0.725,0.05375,1.01563,1.24563,0.257,0.208,1.624,0.3969,1.29,1.4882,0.182,0.908
2014-12-31,1.815,1.597,0.24,1.9,0.365,0.2675,1.2635,0.6475,2.285,0.44,1.7717,2.7,2.508,1.2865,0.8939,2.6205,2.517,2.543,3.1375,2.68,3.5975,2.662,3.435,3.6975,1.2242,1.915,2.2625,1.395,2.175,1.22,1.195,2.2625,1.1354,0.408,1.7,0.4225,0.4815,1.61,1.4503,0.652,2.7455,1.772,1.4364,1.5595,2.7295,2.6151,2.271,1.337,0.065,0.053,0.11,0.33,0.63375,0.053,0.89563,1.095,0.2204,0.182,1.467,0.3581,1.1527,1.325,0.164,0.819
2015-01-30,1.4725,1.271,0.0575,1.5625,0.216,0.099,0.953,0.431,1.7873,0.396,1.331,2.15,1.9805,0.963,0.6915,2.0775,2.332,2.2275,2.735,2.4225,3.025,2.432,2.9375,3.0975,1.0136,1.668,2.01,1.171,1.913,1.005,0.982,2.02,0.835,0.052,1.325,0.103,0.186,1.25,1.12,0.3725,2.217,1.058,0.8065,0.8662,2.1356,2.0094,1.658,0.8235,0.06,0.0463,0.12,0.30625,0.6075,0.04625,0.87063,1.08938,0.1912,0.152,1.176,0.301,0.927,1.068,0.14,0.67
2015-02-27,1.64,1.455,0.056,1.74,0.2625,0.1375,1.135,0.557,2.12,0.4755,1.6495,2.4835,2.323,1.22,0.874,2.416,2.193,2.083,2.82,2.4075,3.175,2.184,3.0525,3.24,1.1572,1.865,2.22,1.385,2.125,1.17,1.13,2.22,0.8225,-0.0023,1.3325,0.087,0.18,1.23,1.09,0.37,2.349,1.121,0.8616,0.925,2.272,2.1425,1.7635,0.865,0.0569,0.05375,0.1175,0.36,0.7025,0.05625,0.9875,1.2225,0.1349,0.098,1.2209,0.268,0.9559,1.1,0.095,0.6829
2015-03-31,1.3675,1.2225,-0.115,1.468,0.0775,-0.0575,0.9725,0.4025,2.0245,0.463,1.532,2.3888,2.227,1.1161,0.808,2.3205,2.1,1.9325,2.7,2.2975,3.0025,2.064,2.91,3.0575,1.2272,1.845,2.1565,1.475,2.05,1.26,1.2,2.19,0.8097,0.072,1.0425,0.158,0.2425,1.03,0.9726,0.43,2.387,1.183,0.8743,0.954,2.3405,2.211,1.817,0.8815,0.0975,0.075,0.1775,0.43,0.7275,0.064,0.98813,1.1975,0.121,0.0827,0.804,0.2445,0.721,0.781,0.08,0.556
2015-04-30,1.48,1.3175,-0.192,1.5793,0.0735,-0.0875,1.048,0.425,2.123,0.4731,1.582,2.5265,2.345,1.1395,0.8225,2.448,2.34,2.0975,2.9525,2.5175,3.2725,2.23,3.1825,3.32,1.3508,2.11,2.37,1.7305,2.2725,1.4545,1.365,2.385,0.9147,0.0227,1.285,0.124,0.235,1.24,1.129,0.47,2.548,1.4095,1.05,1.155,2.531,2.4052,2.0304,0.998,0.077,0.06,0.14125,0.40313,0.69875,0.056,0.97813,1.1725,0.152,0.093,1.0159,0.2929,0.8609,0.9579,0.0695,0.654
2015-05-29,1.765,1.585,-0.2425,1.8705,0.07,-0.1175,1.244,0.495,2.2145,0.487,1.634,2.6495,2.453,1.1715,0.8505,2.567,2.268,2.176,3.025,2.5275,3.43,2.155,3.3,3.48,1.3208,2.102,2.32,1.664,2.254,1.3876,1.304,2.375,1.13,0.099,1.545,0.211,0.3125,1.5225,1.415,0.549,2.583,1.366,0.9809,1.0942,2.575,2.439,2.056,0.9385,0.0675,0.057,0.1425,0.42188,0.7725,0.055,1.05,1.2825,0.165,0.101,1.2876,0.35,1.1295,1.241,0.071,0.8525
2015-06-30,2.1575,1.9725,-0.2125,2.247,0.195,-0.05,1.608,0.74,2.464,0.514,1.7865,2.939,2.7291,1.2535,0.9035,2.849,2.404,2.312,3.37,2.7675,3.74,2.238,3.63875,3.7925,1.2491,2.3914,2.61,1.7967,2.54,1.407,1.275,2.67,1.4825,0.0985,1.975,0.25,0.41,1.9525,1.836,0.755,2.729,1.343,0.906,1.0274,2.7317,2.595,2.1651,0.862,0.0875,0.0631,0.1825,0.49375,0.83,0.06,1.09875,1.31875,0.2228,0.125,1.69,0.5005,1.499,1.64,0.076,1.15
2015-07-31,1.94,1.745,-0.255,2.045,0.0575,-0.155,1.361,0.5425,2.2665,0.5415,1.6665,2.7115,2.5138,1.206,0.895,2.6275,2.298,2.212,3.08,2.535,3.4525,2.192,3.3475,3.4925,1.1431,2.1147,2.3545,1.535,2.2775,1.245,1.155,2.39,1.318,0.1715,1.807,0.274,0.3844,1.789,1.653,0.69,2.5469,1.17,0.7312,0.8638,2.5235,2.3767,1.9423,0.665,0.0675,0.063,0.1425,0.4375,0.785,0.0631,1.05875,1.28625,0.169,0.094,1.4888,0.3985,1.3153,1.451,0.0535,0.9847
2015-08-31,1.9,1.7095,-0.3225,2.015,0.0025,-0.2,1.3445,0.4955,2.2737,0.549,1.6505,2.7325,2.529,1.192,0.892,2.644,2.163,2.09,3.035,2.4525,3.4475,2.085,3.3175,3.4775,0.9993,1.98,2.245,1.37,2.155,1.08,0.995,2.28,1.44,0.2125,1.9575,0.35,0.455,1.925,1.772,0.7675,2.593,1.154,0.7255,0.843,2.542,2.3996,1.9563,0.651,0.06375,0.0575,0.135,0.43,0.775,0.06375,1.05,1.29,0.1835,0.137,1.6498,0.4678,1.4748,1.6138,0.047,1.1296
2015-09-30,2.002,1.7845,-0.295,2.1099,0.0255,-0.17,1.3575,0.495,2.0027,0.4965,1.3853,2.5192,2.2825,0.983,0.7484,2.416,2.149,2.084,2.875,2.3775,3.245,2.121,3.1225,3.2625,0.9846,1.9083,2.2075,1.2726,2.13,1.005,0.945,2.23,1.308,0.2245,1.8485,0.3095,0.415,1.8125,1.665,0.6815,2.426,1.157,0.7955,0.904,2.407,2.2695,1.853,0.7465,0.05,0.04125,0.1175,0.3875,0.73,0.053,1.00313,1.23125,0.122,0.048,1.5244,0.347,1.3294,1.4846,0.024,0.9636
2015-10-30,2.04,1.8049,-0.324,2.163,-0.035,-0.215,1.3325,0.428,2.0615,0.5545,1.496,2.5325,2.3177,1.1041,0.847,2.442,2.13,2.067,2.9,2.3625,3.295,2.071,3.17875,3.3025,0.9377,1.905,2.175,1.295,2.11,1.01,0.94,2.202,1.247,0.1195,1.805,0.205,0.3275,1.775,1.6222,0.6,2.494,1.2107,0.8552,0.9542,2.4761,2.3428,1.9195,0.811,0.04,0.0413,0.09125,0.35688,0.69375,0.055,0.96375,1.185,0.0416,-0.0204,1.501,0.2709,1.2766,1.442,-0.028,0.9007
2015-11-30,2.112,1.8315,-0.3975,2.27,-0.075,-0.2775,1.3425,0.415,2.067,0.69,1.5668,2.525,2.3125,1.2325,0.9925,2.4315,2.355,2.302,2.9775,2.5413,3.365,2.32,3.235,3.3825,0.9453,1.785,2.072,1.195,2.01,0.945,0.9,2.105,1.165,0.043,1.798,0.08,0.176,1.745,1.5675,0.4605,2.457,1.212,0.8853,0.9815,2.436,2.3015,1.8825,0.825,0.034,0.036,0.07875,0.32875,0.6625,0.05,0.93313,1.15625,-0.0635,-0.119,1.5,0.1719,1.255,1.439,-0.101,0.843
2015-12-31,2.33,2.0825,-0.294,2.495,0.14,-0.1235,1.633,0.72,2.185,0.866,1.7275,2.619,2.4205,1.4098,1.1765,2.5315,2.388,2.338,3.0808,2.6088,3.486,2.373,3.3463,3.5275,0.9363,1.87,2.16,1.26,2.095,0.98,0.915,2.18,1.329,0.118,1.9075,0.1986,0.3305,1.881,1.717,0.64,2.499,1.182,0.8346,0.936,2.4795,2.3164,1.879,0.7945,0.0444,0.04625,0.0875,0.30625,0.62,0.058,0.87938,1.09125,0.0625,-0.035,1.6076,0.3318,1.3987,1.5664,-0.057,1.001
2016-01-29,1.9525,1.7125,-0.392,2.11,-0.0935,-0.295,1.2675,0.3801,1.7955,0.694,1.2889,2.267,2.0485,1.0,0.8401,2.171,2.207,2.208,2.7325,2.34625,3.12625,2.289,3.0025,3.17,0.96,1.63,1.902,1.115,1.837,0.905,0.885,1.92,1.035,0.0955,1.575,0.1195,0.1875,1.554,1.41,0.41,2.215,0.9542,0.7045,0.7584,2.1835,2.0322,1.601,0.705,-0.0581,-0.065,0.02625,0.17563,0.54187,-0.05,0.74313,0.97375,-0.121,-0.173,1.258,0.0775,1.0465,1.2055,-0.154,0.672
2016-02-29,1.76,1.536,-0.52,1.915,-0.2455,-0.4305,1.0855,0.2045,1.5747,0.7415,1.1341,2.0858,1.8373,0.9252,0.8303,1.9762,2.138,2.147,2.52,2.223,2.87,2.261,2.75,2.915,0.9625,1.525,1.803,1.055,1.725,0.855,0.8298,1.825,0.87,0.0603,1.323,0.075,0.1339,1.306,1.1875,0.319,1.885,0.8855,0.7954,0.807,1.885,1.7501,1.3777,0.806,-0.325,-0.304,-0.27,-0.02625,0.2475,-0.2156,0.475,0.67,-0.1846,-0.216,0.994,-0.0325,0.8295,0.954,-0.19,0.4985
2016-03-31,1.8503,1.613,-0.457,2.0075,-0.1651,-0.3425,1.138,0.2815,1.638,0.74,1.172,2.137,1.8977,0.948,0.842,2.0305,2.253,2.258,2.6125,2.33375,2.9575,2.338,2.844,3.0275,0.93,1.41,1.655,0.945,1.595,0.79,0.79,1.692,0.893,0.0865,1.38,0.1185,0.175,1.349,1.23,0.3475,2.054,0.9732,0.8685,0.885,2.0297,1.887,1.494,0.8806,-0.2225,-0.205,-0.15875,0.02875,0.25125,-0.14,0.40438,0.5125,-0.115,-0.151,1.0246,0.023,0.8686,0.9936,-0.147,0.551
2016-04-29,1.935,1.683,-0.428,2.132,-0.0895,-0.2885,1.24,0.375,1.716,0.783,1.2677,2.213,1.975,1.0402,0.919,2.1095,2.212,2.195,2.645,2.35,2.9525,2.225,2.85,3.025,1.0475,1.695,1.935,1.215,1.875,1.0246,0.985,1.974,1.003,0.0642,1.605,0.13,0.197,1.5484,1.3988,0.3902,2.218,1.1961,1.0424,1.0745,2.237,2.0933,1.6978,1.0088,-0.24375,-0.235,-0.18,0.01625,0.195,-0.185,0.33,0.45375,-0.091,-0.134,1.235,0.073,1.0365,1.191,-0.145,0.66
2016-05-31,1.8035,1.555,-0.459,1.993,-0.145,-0.3275,1.115,0.265,1.703,0.871,1.3385,2.166,1.9383,1.1495,1.0294,2.067,2.034,2.026,2.435,2.13,2.74,2.071,2.625,2.81,1.061,1.63,1.86,1.2,1.795,1.0347,1.0002,1.905,0.852,,1.4475,0.0755,0.1275,1.4025,1.2425,0.2925,2.037,1.1096,0.9883,1.016,2.0766,1.9377,1.5674,0.955,-0.26875,-0.26,-0.2175,-0.0325,0.12625,-0.204,0.26375,0.3825,-0.13,-0.161,1.114,0.0062,0.911,1.064,-0.161,0.54
2016-06-30,1.3935,1.16,-0.529,1.55,-0.3155,-0.4465,0.7365,-0.0055,1.365,0.675,0.9823,1.8285,1.598,0.8072,0.7335,1.7265,1.959,1.968,2.17375,1.98125,2.43375,2.037,2.33625,2.50063,1.015,1.3304,1.57,0.944,1.505,0.865,0.886,1.615,0.6448,-0.0172,1.1,-0.0175,0.0175,1.077,0.9663,0.18,1.726,0.9215,0.8595,0.8683,1.7793,1.6474,1.2937,0.873,-0.311,-0.293,-0.31,-0.19625,-0.11,-0.2381,-0.045,-0.00625,-0.2017,-0.201,0.8621,-0.077,0.726,0.842,-0.193,0.408
2016-07-29,1.308,1.073,-0.561,1.463,-0.3535,-0.4735,0.637,-0.0702,1.352,0.8245,1.052,1.738,1.5465,0.9333,0.8805,1.6563,1.893,1.915,2.07,1.87,2.3,1.972,2.22,2.3475,1.065,1.3225,1.55,0.989,1.49,0.9326,0.9598,1.595,0.5638,-0.0381,1.0075,-0.0134,0.011,0.9863,0.875,0.1315,1.636,0.9456,0.9054,0.9072,1.706,1.5862,1.261,0.9173,-0.222,-0.2125,-0.2325,-0.14375,-0.01125,-0.1625,0.07375,0.1175,-0.2173,-0.2174,0.7056,-0.152,0.5686,0.686,-0.201,0.264
2016-08-31,1.2725,1.0375,-0.547,1.4325,-0.3485,-0.463,0.6055,-0.0755,1.4472,0.966,1.2205,1.6982,1.5808,1.113,1.0523,1.6532,1.794,1.799,2.04,1.8225,2.32875,1.854,2.2125,2.40375,1.202,1.36,1.575,1.128,1.505,1.1059,1.132,1.63,0.58,-0.0346,1.035,-0.0095,0.0275,1.0056,0.867,0.1315,1.5465,0.9695,0.9262,0.938,1.6314,1.527,1.2463,0.9096,-0.2144,-0.211,-0.19375,-0.08,0.07625,-0.172,0.195,0.26875,-0.195,-0.21,0.743,-0.123,0.5873,0.714,-0.203,0.289
2016-09-30,1.3275,1.0725,-0.51,1.4825,-0.33,-0.4345,0.628,-0.0696,1.4558,0.946,1.1808,1.779,1.626,1.068,1.013,1.7171,1.847,1.854,2.1425,1.93,2.4375,1.899,2.342,2.53125,1.271,1.475,1.698,1.25,1.625,1.205,1.213,1.76,0.555,-0.0252,1.0215,-0.02,0.0075,0.9907,0.8705,0.115,1.584,0.961,0.882,0.9035,1.653,1.5372,1.251,0.878,-0.245,-0.225,-0.238,-0.12125,0.045,-0.157,0.1681,0.255,-0.217,-0.222,0.766,-0.14,0.5928,0.722,-0.207,0.272
2016-10-31,1.485,1.243,-0.541,1.643,-0.3535,-0.4735,0.7915,-0.0255,1.684,0.989,1.3323,2.0375,1.8735,1.1621,1.08,1.9718,2.043,1.986,2.4525,2.1725,2.7375,1.962,2.635,2.8225,1.22,1.6503,1.835,1.352,1.78,1.2353,1.215,1.925,0.7775,-0.0081,1.25,0.0372,0.1005,1.219,1.095,0.2595,1.817,1.0352,0.9004,0.942,1.8825,1.774,1.446,0.884,-0.15,-0.1288,-0.15916,-0.09,0.07112,-0.0897,0.205,0.31368,-0.1165,-0.16,1.0,0.0114,0.832,0.961,-0.194,0.504
2016-11-30,1.75,1.505,-0.54,1.905,-0.2565,-0.4215,1.0585,0.165,2.2143,1.1035,1.817,2.4945,2.381,1.5195,1.3197,2.4555,2.26,2.124,2.8985,2.5175,3.20875,2.024,3.115,3.2525,1.294,1.94,2.131,1.55,2.075,1.3621,1.295,2.195,0.955,0.002,1.495,0.0525,0.119,1.443,1.296,0.3295,2.207,1.3289,1.0226,1.132,2.253,2.142,1.812,0.925,-0.07125,-0.0725,-0.07125,-0.01625,0.14375,-0.069,0.29,0.41,-0.0998,-0.158,1.229,0.087,1.03,1.174,-0.199,0.683
2016-12-30,1.821,1.572,-0.483,1.976,-0.15,-0.34,1.097,0.257,2.3367,1.1883,1.9752,2.5915,2.4975,1.6854,1.459,2.562,2.374,2.235,2.995,2.625,3.3225,2.098,3.2175,3.3625,1.301,1.951,2.175,1.555,2.105,1.349,1.276,2.225,0.929,-0.027,1.4943,0.0345,0.114,1.4371,1.29,0.3275,2.323,1.4616,1.1011,1.243,2.3792,2.259,1.926,0.975,-0.07,-0.0625,-0.0625,0.00875,0.19625,-0.04836,0.37749,0.5225,-0.1,-0.1605,1.2355,0.077,1.028,1.175,-0.202,0.6605
2017-01-31,1.995,1.753,-0.464,2.153,-0.0435,-0.2675,1.275,0.422,2.364,1.245,1.987,2.642,2.5345,1.7017,1.4975,2.608,2.271,2.141,2.965,2.53,3.295,2.033,3.2005,3.385,1.21,2.04,2.245,1.6,2.195,1.375,1.285,2.29,1.0975,-0.0399,1.71,0.035,0.15,1.637,1.48,0.423,2.439,1.469,1.1002,1.2359,2.461,2.33,1.98,0.992,-0.01875,-0.025,-0.00125,0.07875,0.26125,-0.0325,0.44875,0.58375,-0.055,-0.155,1.44,0.188,1.204,1.364,-0.218,0.823
2017-02-28,1.797,1.545,-0.462,1.957,-0.138,-0.3135,1.0665,0.2395,2.3738,1.358,2.0471,2.6275,2.5315,1.7975,1.6105,2.6005,2.327,2.152,3.015,2.601,3.3675,2.021,3.266,3.4375,1.24,1.94,2.15,1.555,2.103,1.37,1.2896,2.19,0.905,-0.0768,1.5413,-0.0295,0.0525,1.464,1.2995,0.2725,2.331,1.4275,1.0892,1.223,2.3538,2.215,1.872,0.988,-0.0275,-0.03125,-0.0075,0.075,0.26,-0.03375,0.4356,0.5619,-0.103,-0.167,1.306,0.078,1.055,1.224,-0.215,0.6685
2017-03-31,1.79,1.55,-0.434,1.93,-0.061,-0.2705,1.1115,0.334,2.3837,1.3836,2.0523,2.645,2.5443,1.8066,1.618,2.615,2.273,2.142,2.97,2.5225,3.335,2.018,3.21125,3.3975,1.091,1.915,2.108,1.495,2.068,1.2751,1.175,2.1475,1.02,-0.0659,1.6375,0.0255,0.1395,1.555,1.3978,0.3895,2.374,1.463,1.11,1.244,2.395,2.244,1.902,0.9878,-0.025,-0.029,0.001,0.095,0.2825,-0.03192,0.455,0.58,-0.035,-0.135,1.3895,0.1835,1.142,1.303,-0.2173,0.766
2017-04-28,1.7575,1.525,-0.453,1.8625,-0.0875,-0.2875,1.0905,0.297,2.2543,1.3875,1.9323,2.5162,2.4144,1.7205,1.5725,2.4844,2.19,2.058,2.85,2.4125,3.2125,1.958,3.09625,3.285,1.131,1.92,2.125,1.52,2.075,1.295,1.195,2.175,1.046,-0.0611,1.6509,0.03,0.1475,1.5779,1.42,0.4125,2.3005,1.3633,1.0734,1.1809,2.2794,2.121,1.7815,0.975,-0.06475,-0.06375,-0.05375,0.03125,0.2056,-0.06,0.3663,0.48882,-0.036,-0.141,1.413,0.192,1.168,1.332,-0.228,0.789
2017-05-31,1.6995,1.453,-0.476,1.7925,-0.145,-0.331,1.0255,0.228,2.146,1.3568,1.8286,2.4234,2.3115,1.6385,1.5105,2.386,1.968,1.883,2.66625,2.2075,3.0125,1.826,2.91375,3.11375,1.05,1.825,2.04,1.4,1.985,1.1995,1.115,2.09,1.025,-0.0595,1.6875,0.0133,0.12,1.5984,1.425,0.3725,2.2159,1.3248,1.0496,1.1543,2.2277,2.0661,1.74,0.945,-0.045,-0.048,-0.02875,0.0463,0.2106,-0.05375,0.3725,0.5025,-0.0749,-0.162,1.451,0.1643,1.18,1.358,-0.237,0.782
2017-06-30,1.9025,1.68,-0.4577,2.0075,-0.0045,-0.2355,1.233,0.43,2.2805,1.4565,1.9572,2.5375,2.434,1.7506,1.6178,2.505,2.216,2.06,2.91375,2.4975,3.25625,1.906,3.14375,3.32625,1.02,1.96,2.162,1.5,2.127,1.248,1.125,2.162,1.1388,-0.0424,1.77,0.0625,0.2005,1.6875,1.518,0.4845,2.39,1.751,1.424,1.555,2.479,2.36,2.085,1.2678,-0.04125,-0.04625,-0.02,0.065,0.23375,-0.0525,0.39125,0.535,0.0018,-0.1255,1.536,0.2755,1.281,1.4505,-0.2345,0.9005
2017-07-31,1.9375,1.723,-0.42,2.045,0.002,-0.2245,1.2975,0.468,2.2485,1.4588,1.9075,2.5564,2.4256,1.715,1.599,2.5087,2.157,2.01,2.875,2.4325,3.2485,1.868,3.1225,3.325,1.008,2.015,2.235,1.55,2.202,1.275,1.1275,2.235,1.1775,-0.0647,1.8365,0.0365,0.1735,1.7528,1.5784,0.4875,2.653,1.962,1.6261,1.7617,2.6885,2.5665,2.307,1.485,-0.03746,-0.0475,-0.00824,0.07029,0.2394,-0.055,0.4063,0.565,-0.0218,-0.153,1.614,0.28,1.3468,1.521,-0.2481,0.9503
2017-08-31,1.7855,1.565,-0.416,1.895,-0.021,-0.225,1.1565,0.38,2.066,1.4386,1.7614,2.3815,2.2424,1.617,1.5345,2.3279,2.262,2.121,2.8175,2.4625,3.1538,1.972,3.04,3.2265,0.955,1.86,2.092,1.41,2.057,1.1911,1.075,2.092,0.9975,-0.1247,1.665,-0.0375,0.075,1.575,1.4,0.3378,2.4464,1.8595,1.6112,1.71,2.4984,2.3909,2.141,1.505,-0.0531,-0.05526,-0.03795,0.03375,0.215,-0.058,0.39125,0.56375,-0.0908,-0.1885,1.4713,0.161,1.193,1.3733,-0.26,0.792
2017-09-29,1.895,1.678,-0.406,2.005,0.035,-0.1875,1.263,0.46,2.2902,1.566,2.0139,2.5331,2.432,1.8565,1.742,2.5001,2.352,2.201,2.9975,2.595,3.3125,2.017,3.2225,3.3725,0.941,1.95,2.1875,1.49,2.145,1.225,1.085,2.215,1.1,-0.1353,1.775,-0.0375,0.098,1.68,1.5075,0.4175,2.64,2.1084,1.8736,1.9787,2.684,2.577,2.362,1.7104,-0.035,-0.04625,-5e-05,0.0975,0.27216,-0.057,0.449,0.63894,-0.0435,-0.1655,1.5947,0.2493,1.312,1.496,-0.2555,0.909
2017-10-31,1.795,1.58,-0.43,1.9,-0.041,-0.245,1.16,0.365,2.3512,1.6403,2.0894,2.5908,2.4923,1.9347,1.8195,2.559,2.194,2.076,2.855,2.44,3.19,1.93,3.09,3.2425,0.945,1.922,2.16,1.465,2.125,1.2097,1.07,2.19,1.0299,-0.1422,1.7213,-0.065,0.065,1.6205,1.4404,0.358,2.5499,2.0084,1.7553,1.866,2.599,2.497,2.2835,1.608,-0.005,-0.0175,0.02875,0.13375,0.3206,-0.0325,0.5006,0.68712,-0.0841,-0.1975,1.539,0.1946,1.242,1.4307,-0.2658,0.835
2017-11-30,1.755,1.542,-0.441,1.855,-0.0315,-0.2425,1.118,0.3605,2.4053,1.7843,2.1987,2.6005,2.524,2.078,1.9716,2.5817,2.165,2.062,2.7275,2.355,3.0525,1.95,2.95125,3.1113,0.925,1.8283,2.068,1.385,2.033,1.155,1.035,2.1,1.01,-0.1413,1.667,-0.0575,0.085,1.568,1.3925,0.3954,2.4728,1.9929,1.7722,1.878,2.531,2.43,2.234,1.611,-0.009,-0.019,0.025,0.1425,0.33,-0.032,0.5025,0.6825,-0.045,-0.1805,1.5,0.2235,1.215,1.3948,-0.26,0.8295
2017-12-29,1.835,1.6225,-0.358,1.9,0.078,-0.1499,1.2025,0.499,2.397,1.8982,2.2437,2.541,2.4912,2.168,2.0738,2.5331,2.323,2.19,2.799,2.5015,3.094,2.029,3.001,3.1425,0.988,1.945,2.177,1.543,2.142,1.28,1.127,2.19,1.049,-0.147,1.655,-0.0345,0.136,1.5775,1.4175,0.4556,2.536,2.2504,2.0505,2.1538,2.6122,2.5392,2.397,1.666,-0.00875,-0.0225,0.02125,0.1425,0.33,-0.032,0.4975,0.67125,0.013,-0.1498,1.5005,0.316,1.249,1.4165,-0.2573,0.8863
2018-01-31,1.938,1.76,-0.35,2.023,0.1795,-0.093,1.3995,0.6715,2.7347,2.0957,2.5899,2.8127,2.8035,2.4679,2.3315,2.8288,2.355,2.18,2.975,2.6075,3.2475,1.993,3.18125,3.24,1.024,2.175,2.395,1.76,2.355,1.43,1.23,2.415,1.214,-0.1454,1.691,-0.0051,0.202,1.655,1.525,0.6052,2.721,2.4597,2.205,2.334,2.7894,2.75,2.641,,0.005,-0.01037,0.04375,0.17,0.3525,-0.03,0.51773,0.68569,0.0831,-0.126,1.556,0.4745,1.378,1.5145,-0.2645,1.0685
2018-02-28,1.87,1.694,-0.4025,1.9545,0.0765,-0.178,1.3175,0.5425,2.8775,2.3168,2.7518,2.9463,2.9456,2.6497,2.5338,2.9675,2.347,2.191,2.939,2.5787,3.214,2.024,3.1425,3.2188,1.191,2.34,2.558,1.925,2.518,1.595,1.4,2.59,1.262,-0.1287,1.7677,0.0082,0.2129,1.735,1.593,0.6012,2.7,2.411,2.158,2.2812,2.749,2.713,2.585,,-0.00375,-0.015,0.02875,0.145,0.31375,-0.0325,0.47125,0.6144,0.0785,-0.1212,1.6035,0.4545,1.4165,1.56,-0.2525,1.083
2018-03-30,1.738,1.563,-0.35,1.8125,0.075,-0.155,1.2125,0.5,2.7765,2.4203,2.7059,2.8237,2.8314,2.659,2.5815,2.8485,2.33,2.223,2.82375,2.51875,3.05875,2.125,2.99375,3.04375,1.321,2.235,2.42,1.91,2.38,1.665,1.507,2.453,1.142,-0.1361,1.6311,-0.026,0.157,1.5975,1.4679,0.5125,2.5984,2.3703,2.1668,2.279,2.6292,2.598,2.503,,-0.0075,-0.01875,0.025,0.1431,0.31129,-0.03375,0.46653,0.6238,0.0172,-0.157,1.484,0.3642,1.299,1.4422,-0.2614,0.963
2018-04-30,1.761,1.6,-0.362,1.835,0.073,-0.1645,1.253,0.528,2.9865,2.5509,2.9146,3.0168,3.0339,2.8426,2.7494,3.0479,2.383,2.283,2.926,2.61,3.1588,2.163,3.1075,3.131,1.312,2.258,2.45,1.91,2.41,1.643,1.485,2.465,1.1695,-0.1173,1.6797,-0.002,0.181,1.642,1.501,0.5349,2.77,2.52,2.2547,2.3892,2.805,2.7758,2.67,,-0.0019,-0.017,0.02875,0.15125,0.3275,-0.0363,0.485,0.65,0.034,-0.1434,1.521,0.3865,1.324,1.474,-0.2571,0.9905
2018-05-31,1.6695,1.5135,-0.352,1.735,0.046,-0.1615,1.157,0.4335,2.9121,2.5257,2.831,2.9382,2.9612,2.7706,2.6953,2.9707,2.324,2.215,2.8863,2.55687,3.1213,2.12,3.06,3.0825,1.228,2.145,2.325,1.76,2.29,1.5,1.3625,2.335,1.0467,-0.1107,1.5974,-0.016,0.1184,1.5483,1.3961,0.4372,2.6317,2.4971,2.261,2.384,2.697,2.691,2.618,,-0.013,-0.02741,0.019,0.145,0.3175,-0.0406,0.4725,0.6325,0.0008,-0.1367,1.4657,0.3005,1.2475,1.4045,-0.231,0.901
2018-06-29,1.648,1.5,-0.325,1.715,0.044,-0.158,1.1205,0.4115,2.9347,2.6069,2.891,2.933,2.9681,2.859,2.7935,2.9672,2.281,2.235,2.835,2.5025,3.07625,2.1825,3.005,3.03125,1.295,2.15,2.33,1.81,2.295,1.575,1.445,2.335,1.0199,-0.1309,1.5629,-0.054,0.0895,1.5289,1.3749,0.3902,2.6169,2.4495,2.253,2.3481,2.6727,2.6485,2.565,,-0.019,-0.03125,0.01319,0.14,0.3119,-0.04625,0.465,0.62625,-0.0363,-0.175,1.4555,0.2628,1.2255,1.385,-0.2538,0.8755
2018-07-31,1.735,1.5775,-0.294,1.798,0.123,-0.0925,1.2205,0.5215,3.0279,2.6785,2.9772,3.0392,3.0627,2.9449,2.8813,3.0674,2.329,2.252,2.8575,2.51,3.0475,2.173,3.0175,2.9925,1.331,2.26,2.437,1.945,2.402,1.705,1.5355,2.448,1.0787,-0.1264,1.6312,-0.0243,0.1354,1.5775,1.4215,0.4634,2.762,2.59,2.3984,2.4898,2.821,2.794,2.7045,2.202,-0.019,-0.035,0.02125,0.175,0.36625,-0.05,0.5275,0.695,0.014,-0.1445,1.5202,0.332,1.292,1.452,-0.253,0.9415
2018-08-31,1.658,1.498,-0.31,1.723,0.086,-0.1115,1.127,0.444,2.9305,2.661,2.877,2.9603,2.9737,2.8645,2.8244,2.9831,2.2175,2.17,2.68625,2.345,2.91625,2.1425,2.86625,2.88125,1.285,2.152,2.327,1.825,2.277,1.61,1.462,2.365,1.0085,-0.1209,1.5668,-0.0216,0.1205,1.5223,1.3569,0.4085,2.704,2.5299,2.3981,2.467,2.7525,2.713,2.624,2.253,-0.006,-0.025,0.04,0.21,0.4075,-0.04,0.575,0.75,-0.0112,-0.1485,1.468,0.2734,1.228,1.3945,-0.2468,0.8699
2018-09-28,1.753,1.598,-0.253,1.806,0.2125,-0.01,1.2595,0.6055,3.1203,2.7852,3.0706,3.1332,3.1575,3.0495,2.9894,3.163,2.286,2.201,2.8525,2.47687,3.0825,2.12,3.0325,3.04625,1.335,2.307,2.482,1.99,2.432,1.73,1.553,2.51,1.116,-0.1136,1.6264,0.028,0.2065,1.5894,1.4461,0.5249,2.886,2.7029,2.546,2.6218,2.9282,2.9015,2.8162,2.363,0.00125,-0.019,0.05375,0.2325,0.4325,-0.038,0.60375,0.79,0.0675,-0.1065,1.5365,0.392,1.3247,1.4805,-0.2423,0.9867
2018-10-31,1.743,1.5875,-0.2182,1.785,0.2156,0.005,1.253,0.59,3.2101,2.8995,3.126,3.2778,3.2753,3.1116,3.07,3.2933,2.239,2.161,2.8025,2.4337,3.05125,2.088,2.98875,3.0225,1.414,2.3,2.472,1.97,2.417,1.742,1.585,2.515,1.0968,-0.1298,1.5949,0.004,0.168,1.5649,1.4262,0.4858,3.0,2.8049,2.6836,2.748,3.0359,3.005,2.9085,2.51,-0.007,-0.0225,0.0375,0.22,0.435,-0.0375,0.61875,0.805,0.038,-0.1216,1.507,0.3525,1.301,1.4555,-0.2397,0.957
2018-11-30,1.625,1.478,-0.197,1.67,0.155,-0.0246,1.1407,0.4938,3.036,2.8992,2.9553,3.1339,3.114,2.9645,2.9642,3.139,2.285,2.205,2.7875,2.44812,3.032,2.128,2.967,3.01,1.398,2.19,2.36,1.875,2.308,1.665,1.53,2.4,1.018,-0.1277,1.5545,-0.032,0.115,1.5205,1.3687,0.4204,2.89,2.6004,2.514,2.558,2.903,2.847,2.7345,2.418,-0.0325,-0.04,-0.005,0.15625,0.37,-0.048,0.5525,0.745,-0.0185,-0.1525,1.4585,0.2745,1.2369,1.3965,-0.24,0.8799
2018-12-31,1.605,1.4625,-0.078,1.6475,0.205,0.06,1.1275,0.5075,2.7085,2.7581,2.5703,2.8381,2.8045,2.59,2.657,2.8333,2.076,2.08,2.5525,2.215,2.8025,2.122,2.735,2.7775,1.436,2.0975,2.27,1.8,2.215,1.63,1.525,2.313,0.9714,-0.0988,1.488,-0.0311,0.082,1.4615,1.3155,0.3576,2.684,2.2875,2.2392,2.241,2.6781,2.6167,2.4717,2.2623,-0.0575,-0.05546,-0.05125,0.09,0.29125,-0.05875,0.46,0.63125,-0.077,-0.1741,1.3795,0.1979,1.168,1.324,-0.2322,0.812
2019-01-31,1.478,1.335,-0.052,1.515,0.1817,0.06,1.003,0.4345,2.6582,2.6934,2.5299,2.7948,2.7571,2.5447,2.6069,2.7906,2.03,2.041,2.44625,2.11562,2.7025,2.095,2.63375,2.67875,1.496,2.055,2.2275,1.807,2.1725,1.67,1.5891,2.245,0.8078,-0.122,1.3326,-0.0455,0.0525,1.2998,1.1504,0.2625,2.628,2.221,2.182,2.1895,2.6255,2.5515,2.3942,2.1793,-0.0925,-0.08539,-0.08875,0.04875,0.24125,-0.07625,0.40125,0.56625,-0.0785,-0.1657,1.229,0.1227,1.01,1.171,-0.2237,0.6614
2019-02-28,1.503,1.35,-0.0115,1.538,0.219,0.1025,1.013,0.4689,2.7275,2.6675,2.5689,2.883,2.8354,2.5679,2.6107,2.8755,1.913,1.898,2.40125,2.0438,2.69625,1.953,2.60625,2.685,1.489,2.095,2.265,1.835,2.21,1.6825,1.59,2.303,0.8176,-0.1281,1.375,-0.0445,0.0595,1.3256,1.1695,0.2835,2.6482,2.2194,2.1549,2.1756,2.6515,2.5917,2.4272,2.132,-0.11125,-0.1013,-0.0975,0.06625,0.2581,-0.079,0.4125,0.56,-0.0431,-0.138,1.295,0.1694,1.0615,1.227,-0.21,0.7038
2019-03-29,1.31,1.157,0.0173,1.3475,0.1805,0.1025,0.8345,0.3675,2.4085,2.5426,2.2849,2.5824,2.5178,2.3056,2.3823,2.565,1.615,1.626,2.02875,1.695,2.35,1.726,2.2475,2.37375,1.592,1.96,2.117,1.8,2.067,1.725,1.678,2.16,0.5836,-0.1507,1.1424,-0.1145,-0.0422,1.0782,0.9212,0.1255,2.3154,1.904,1.9109,1.8772,2.342,2.2563,2.074,1.9885,-0.1275,-0.113,-0.1275,0.0075,0.1775,-0.08,0.3175,0.45,-0.1398,-0.2012,1.066,0.0136,0.8155,0.9825,-0.2297,0.472
2019-04-30,1.3225,1.171,-0.0315,1.365,0.1345,0.0475,0.8505,0.3415,2.4897,2.5283,2.3222,2.693,2.6125,2.3159,2.3811,2.6678,1.509,1.496,2.04625,1.64625,2.39,1.548,2.285,2.36375,1.678,2.1,2.255,1.915,2.205,1.8225,1.763,2.303,0.6262,-0.1711,1.1878,-0.1202,-0.0455,1.128,0.9641,0.1291,2.4634,1.9204,1.9035,1.889,2.463,2.3638,2.1522,1.9735,-0.112,-0.10125,-0.1025,0.0325,0.2075,-0.0856,0.35125,0.49375,-0.1293,-0.1922,1.101,0.0382,0.8561,1.025,-0.2308,0.5118
2019-05-31,1.155,1.01,-0.0043,1.188,0.0905,0.0355,0.6854,0.2415,2.0833,2.238,1.916,2.294,2.2099,1.9028,1.9792,2.2666,1.293,1.292,1.72625,1.38,2.0975,1.351,1.98375,2.12875,1.769,1.94,2.095,1.829,2.043,1.821,1.809,2.145,0.46,-0.2011,1.026,-0.1998,-0.1467,0.9605,0.7932,0.0165,2.242,1.7406,1.769,1.734,2.2284,2.129,1.933,1.905,-0.137,-0.12,-0.13375,-0.01375,0.15,-0.09,0.2802,0.41,-0.2313,-0.2757,0.9176,-0.096,0.666,0.8345,-0.2774,0.335
2019-06-28,1.018,0.86,-0.0815,1.063,-0.0475,-0.0815,0.5425,0.1,1.964,2.016,1.765,2.2137,2.1085,1.7431,1.8051,2.1772,1.075,1.069,1.57,1.2025,1.93875,1.119,1.82,1.995,1.815,1.84,2.0,1.75,1.95,1.76,1.79,2.05,0.2581,-0.2879,0.7766,-0.302,-0.273,0.7201,0.5637,-0.1493,2.081,1.7123,1.7775,1.729,2.106,2.0187,1.839,1.903,-0.2025,-0.1813,-0.2,-0.0675,0.09125,-0.14625,0.21,0.3219,-0.3555,-0.3835,0.722,-0.2295,0.4895,0.652,-0.363,0.1786
2019-07-31,0.85,0.688,-0.1291,0.9,-0.1422,-0.1505,0.37,-0.0292,1.9455,2.1017,1.8032,2.163,2.0694,1.8319,1.9111,2.1325,0.93292,0.92647,1.38,1.0225,1.7875,0.96789,1.6475,1.8475,1.851,1.775,1.94,1.743,1.885,1.785,1.818,1.985,0.1265,-0.3195,0.6206,-0.3431,-0.3241,0.562,0.4124,-0.2379,2.0969,1.7682,1.832,1.794,2.123,2.043,1.877,1.936,-0.184,-0.17125,-0.18625,-0.08,0.06583,-0.14385,0.17708,0.28542,-0.4328,-0.449,0.5275,-0.3435,0.299,0.4575,-0.4209,0.009
2019-08-30,0.505,0.38,-0.1259,0.5395,-0.21,-0.1935,0.157,-0.1625,1.3817,1.7935,1.3185,1.5436,1.4675,1.3945,1.5142,1.5195,0.77442,0.78808,1.1013,0.83375,1.41625,0.868,1.30125,1.4663,1.78,1.523,1.635,1.51,1.585,1.6,1.6791,1.65,-0.1801,-0.4085,0.1522,-0.4595,-0.4659,0.1192,0.0189,-0.427,1.762,1.5184,1.637,1.576,1.792,1.708,1.5665,1.786,-0.23,-0.20625,-0.24625,-0.1713,-0.0625,-0.167,0.00875,0.0825,-0.5722,-0.5567,0.1,-0.527,-0.0583,0.052,-0.497,-0.2716
2019-09-30,0.5925,0.48,-0.0761,0.6225,-0.09,-0.089,0.252,-0.035,1.5638,1.827,1.5015,1.7135,1.6444,1.5506,1.6327,1.6925,0.877,0.874,1.15625,0.9087,1.5,0.93,1.38625,1.51375,1.924,1.695,1.765,1.71,1.742,1.7984,1.8647,1.762,-0.0652,-0.34,0.2781,-0.369,-0.368,0.2606,0.1569,-0.3165,1.8644,1.7245,1.8542,1.795,1.9058,1.8487,1.737,1.954,-0.2269,-0.2106,-0.22125,-0.08625,0.0625,-0.17875,0.17,0.3,-0.4535,-0.453,0.2214,-0.4075,0.0764,0.1885,-0.4247,-0.1516
2019-10-31,0.743,0.65,0.1244,0.7575,0.14,0.13,0.4375,0.197,1.602,1.688,1.485,1.7901,1.7059,1.5,1.5515,1.7626,0.954,0.955,1.28625,1.015,1.591,0.982,1.49375,1.61375,1.981,1.854,1.909,1.845,1.889,1.8975,1.945,1.923,0.1209,-0.2819,0.4825,-0.278,-0.249,0.4667,0.351,-0.1671,1.9866,1.763,1.803,1.783,2.024,1.966,1.835,1.88,-0.18,-0.1675,-0.175,-0.07875,0.06125,-0.14125,0.14625,0.24875,-0.3413,-0.3647,0.4289,-0.2616,0.268,0.3949,-0.361,0.0236
2019-11-29,0.8675,0.7705,0.173,0.859,0.239,0.2105,0.5645,0.3183,1.7006,1.7409,1.586,1.8754,1.7982,1.582,1.6185,1.857,0.82977,0.81475,1.22,0.91875,1.52875,0.843,1.43125,1.56,2.002,1.89,1.945,1.88,1.925,1.925,1.9644,1.957,0.1674,-0.2422,0.508,-0.2246,-0.196,0.4996,0.3885,-0.1159,1.9928,1.8246,1.864,1.8485,2.0668,2.017,1.8855,1.918,-0.1175,-0.10625,-0.11125,-0.01875,0.1175,-0.0944,0.20625,0.31375,-0.308,-0.3375,0.4557,-0.2289,0.2978,0.4232,-0.3455,0.0542
2019-12-31,0.9725,0.8875,0.19,0.965,0.27,0.228,0.69,0.39,1.895,1.7704,1.729,2.0914,2.0099,1.689,1.6975,2.0664,1.03,0.991,1.5255,1.185,1.8775,0.976,1.7675,1.898,1.998,2.0675,2.133,2.005,2.11,1.985,1.9825,2.143,0.3256,-0.217,0.684,-0.166,-0.11,0.6743,0.5638,0.0186,2.2587,2.0551,2.0085,2.024,2.333,2.284,2.172,2.011,-0.054,-0.0588,-0.03875,0.0425,0.1625,-0.059,0.2525,0.3475,-0.2379,-0.2915,0.6211,-0.1105,0.4701,0.6042,-0.3212,0.2115
2020-01-31,0.72,0.63,0.1825,0.7165,0.1767,0.1761,0.4344,0.2177,1.4525,1.5422,1.3167,1.669,1.5737,1.3211,1.3783,1.6387,0.743,0.755,1.0788,0.7888,1.41625,0.809,1.3025,1.44625,1.883,1.7175,1.779,1.675,1.757,1.725,1.784,1.7875,0.0536,-0.265,0.3788,-0.26,-0.2368,0.3713,0.2702,-0.1778,1.8945,1.6341,1.702,1.6704,1.9254,1.8535,1.705,1.817,-0.11375,-0.09875,-0.12,-0.0625,0.06,-0.08125,0.14375,0.24,-0.3555,-0.372,0.3362,-0.298,0.178,0.3045,-0.3661,-0.0542
2020-02-28,0.515,0.432,0.087,0.505,0.058,0.054,0.269,0.0945,1.1175,1.1418,0.9814,1.3006,1.2223,0.9513,0.985,1.2787,0.625,0.64,0.91875,0.62625,1.1763,0.697,1.085,1.1875,1.679,1.525,1.585,1.455,1.565,1.4925,1.545,1.59,-0.055,-0.3109,0.191,-0.3151,-0.2987,0.2103,0.1256,-0.2399,1.702,1.4021,1.404,1.388,1.7345,1.6535,1.525,1.542,-0.19375,-0.175,-0.20625,-0.1325,-0.02875,-0.12875,0.04625,0.1275,-0.4205,-0.4335,0.132,-0.3715,0.011,0.1196,-0.419,-0.18
2020-03-31,0.583,0.55,0.1625,0.527,0.145,0.1325,0.406,0.21,0.7161,0.6653,0.5239,0.8815,0.8097,0.4612,0.4903,0.856,0.445,0.436,0.8925,0.5688,1.0125,0.456,1.00875,0.85875,0.85,1.033,1.158,0.798,1.138,0.73,0.741,1.158,0.2336,-0.0333,0.3371,-0.05,-0.039,0.4285,0.3874,0.028,1.458,0.9345,0.746,0.8154,1.42,1.2998,1.106,0.755,-0.085,-0.0775,-0.089,-0.02375,0.085,-0.07,0.1325,0.19125,-0.3083,-0.323,0.176,-0.2345,0.1645,0.228,-0.3173,-0.02
2020-04-30,0.528,0.501,0.1195,0.425,0.0822,0.0798,0.3159,0.1231,0.6452,0.3705,0.413,0.8345,0.757,0.325,0.3203,0.8085,0.33282,0.26008,0.94,0.5025,1.1638,0.212,1.1325,1.09,0.625,0.87,1.005,0.647,0.98,0.58,0.57,1.0,0.0469,-0.0739,0.0874,-0.13,-0.1348,0.2051,0.179,-0.1156,1.425,0.7596,0.599,0.65,1.3645,1.2385,1.007,0.591,-0.14,-0.125,-0.1475,-0.0725,0.0413,-0.1025,0.1175,0.18125,-0.3528,-0.344,-0.058,-0.336,-0.007,0.036,-0.273,-0.1595
2020-05-29,0.594,0.541,0.098,0.51,0.0938,0.082,0.3689,0.1566,0.6506,0.2927,0.3595,0.9374,0.8138,0.2627,0.2513,0.8965,0.32558,0.27586,0.8725,0.4655,1.1475,0.221,1.0945,1.1,0.41,0.795,0.963,0.508,0.948,0.42,0.398,0.945,0.063,-0.05,0.1813,-0.104,-0.1092,0.248,0.2008,-0.0835,1.4165,0.7459,0.557,0.618,1.356,1.2181,1.001,0.5347,-0.11375,-0.105,-0.121,-0.0431,0.065,-0.08875,0.14,0.21375,-0.3115,-0.2975,0.035,-0.288,0.023,0.086,-0.241,-0.131
2020-06-30,0.536,0.48,0.003,0.48,0.0157,-0.0057,0.3194,0.0869,0.639,0.2645,0.3262,0.9207,0.8038,0.2305,0.2251,0.8843,0.278,0.236,0.88,0.43625,1.17875,0.194,1.105,1.18625,0.469,0.9,1.05,0.655,1.04,0.523,0.473,1.05,0.035,-0.0955,0.175,-0.141,-0.153,0.2345,0.1795,-0.129,1.3662,0.759,0.569,0.6264,1.3616,1.2408,1.0197,0.545,-0.0925,-0.08375,-0.095,-0.01375,0.09625,-0.07375,0.17875,0.26625,-0.3905,-0.3882,0.033,-0.3525,0.003,0.0751,-0.355,-0.175
2020-07-31,0.543,0.48,0.0,0.4678,0.0443,0.0164,0.3125,0.1122,0.5214,0.2122,0.2512,0.7694,0.6693,0.1801,0.1788,0.7391,0.24705,0.21309,0.75375,0.3663,1.08625,0.187,1.005,1.09125,0.4,0.845,0.994,0.5825,0.984,0.47,0.423,0.994,-0.0196,-0.1016,0.0971,-0.1615,-0.181,0.1715,0.1233,-0.173,1.2685,0.6983,0.5328,0.5813,1.2692,1.151,0.9323,0.526,-0.095,-0.0825,-0.10875,-0.0575,0.05625,-0.0625,0.13,0.20625,-0.4293,-0.4309,-0.051,-0.398,-0.0651,-0.0027,-0.418,-0.229
2020-08-31,0.6765,0.6025,-0.04,0.632,0.0215,-0.0125,0.4011,0.1264,0.7097,0.2344,0.334,1.0966,0.9255,0.2354,0.2218,1.0333,0.226,0.187,0.885,0.3825,1.27,0.155,1.1625,1.32875,0.374,1.075,1.248,0.75,1.23,0.571,0.473,1.248,0.0751,-0.1215,0.2825,-0.1495,-0.1549,0.3225,0.2486,-0.1184,1.49,0.766,0.5449,0.607,1.465,1.3386,1.092,0.513,-0.07375,-0.07,-0.0725,0.01375,0.135,-0.055,0.2325,0.3363,-0.4185,-0.4313,0.11,-0.3615,0.048,0.129,-0.442,-0.145
2020-09-30,0.55,0.485,-0.0475,0.5085,-0.018,-0.044,0.3011,0.065,0.7098,0.22,0.3458,1.1178,0.9351,0.2402,0.22,1.0493,0.176,0.142,0.78065,0.2963,1.16375,0.123,1.05375,1.20875,0.38,0.886,1.056,0.606,1.046,0.485,0.431,1.056,-0.014,-0.1375,0.1386,-0.188,-0.203,0.1924,0.1374,-0.176,1.469,0.7554,0.54,0.603,1.434,1.304,1.054,0.508,-0.104,-0.0944,-0.1075,-0.03125,0.095,-0.06625,0.19375,0.31,-0.477,-0.4865,-0.009,-0.4265,-0.047,0.026,-0.485,-0.229
2020-10-30,0.545,0.478,-0.0615,0.498,-0.034,-0.058,0.2954,0.047,0.895,0.2097,0.4485,1.3129,1.1286,0.2815,0.2375,1.2448,0.106,0.077,0.78875,0.2612,1.215,0.061,1.085,1.26875,0.457,0.963,1.133,0.685,1.118,0.543,0.48,1.133,-0.054,-0.178,0.1011,-0.2275,-0.2493,0.1547,0.1022,-0.2297,1.5954,0.7858,0.5213,0.601,1.5605,1.4255,1.158,0.478,-0.08,-0.0725,-0.0775,0.00625,0.14,-0.06,0.24375,0.36625,-0.539,-0.5445,-0.054,-0.49,-0.092,-0.018,-0.5328,-0.278
2020-11-30,0.62,0.54,-0.055,0.583,0.0,-0.03,0.343,0.09,0.8442,0.2156,0.4258,1.2573,1.0745,0.2689,0.2316,1.1882,0.156,0.09618,0.89125,0.3363,1.4085,0.051,1.24875,1.49,0.42,1.113,1.283,0.798,1.272,0.5925,0.488,1.283,-0.025,-0.1383,0.146,-0.1822,-0.199,0.184,0.1242,-0.188,1.59,0.8367,0.5512,0.633,1.5784,1.4532,1.192,0.5,-0.08,-0.0725,-0.0775,-0.0025,0.11625,-0.05625,0.21125,0.32875,-0.508,-0.5186,-0.0053,-0.458,-0.0617,0.0182,-0.517,-0.251
2020-12-31,0.655,0.578,-0.04,0.62,0.028,-0.017,0.385,0.133,0.9253,0.1925,0.43,1.402,1.1888,0.241,0.1978,1.3168,0.16,0.083,0.9825,0.382,1.46875,0.033,1.325,1.53125,0.505,1.285,1.452,0.955,1.442,0.715,0.585,1.452,-0.0202,-0.1505,0.1345,-0.1735,-0.18,0.1779,0.1263,-0.167,1.65,0.8072,0.505,0.5973,1.6272,1.4957,1.205,0.457,-0.08,-0.07125,-0.08,0.00125,0.135,-0.0538,0.24625,0.38625,-0.506,-0.521,-0.0225,-0.459,-0.0755,0.006,-0.529,-0.2605
2021-01-29,0.7425,0.655,-0.065,0.721,-0.0045,-0.0485,0.4345,0.121,1.1094,0.1766,0.52,1.5889,1.3867,0.254,0.1865,1.51,0.179,0.093,1.1625,0.45375,1.6675,0.038,1.5163,1.7625,0.519,1.38,1.535,1.025,1.525,0.8,0.658,1.535,0.0575,-0.1585,0.2929,-0.18,-0.18,0.3065,0.2358,-0.1436,1.8739,0.8866,0.495,0.6104,1.8474,1.706,1.375,0.446,-0.0925,-0.08125,-0.0825,0.01625,0.17125,-0.05875,0.30375,0.4525,-0.519,-0.5393,0.119,-0.4427,0.022,0.1198,-0.541,-0.188
2021-02-26,1.168,1.06,-0.0375,1.135,0.1385,0.0335,0.8115,0.3755,1.47,0.1885,0.8257,1.8788,1.7311,0.4069,0.2357,1.8306,0.393,0.225,1.75875,0.90875,2.2495,0.115,2.15375,2.2125,0.548,1.8,1.978,1.37,1.973,1.008,0.775,1.978,0.3107,-0.1045,0.5524,-0.1018,-0.0778,0.5844,0.5058,0.0201,2.1482,1.3171,0.647,0.888,2.224,2.12,1.817,0.478,-0.0525,-0.0575,-0.015,0.13,0.29,-0.04375,0.4125,0.54875,-0.4193,-0.4642,0.3583,-0.2977,0.27,0.366,-0.496,0.033
2021-03-31,1.155,1.0465,-0.03,1.1575,0.0965,0.012,0.7885,0.3241,1.7817,0.2162,1.0573,2.199,2.0522,0.5142,0.2915,2.1537,0.39,0.221,1.84704,0.89375,2.3575,0.11925,2.24625,2.34518,0.569,1.85,2.005,1.458,1.999,1.13,0.878,2.0125,0.3354,-0.139,0.677,-0.145,-0.1301,0.6767,0.5775,-0.0178,2.5299,1.4458,0.622,0.9146,2.5177,2.407,2.0715,0.468,-0.05625,-0.0525,-0.0325,0.10375,0.255,-0.035,0.375,0.51125,-0.4518,-0.4972,0.4827,-0.3142,0.341,0.4635,-0.5152,0.069
2021-04-30,1.193,1.0825,-0.0375,1.186,0.1126,0.0225,0.815,0.3451,1.629,0.2086,0.9435,2.0445,1.8912,0.4735,0.2785,1.9968,0.373,0.208,1.759,0.8599,2.27275,0.11792,2.145,2.2675,0.542,1.785,1.9175,1.39,1.922,1.075,0.836,1.917,0.418,-0.1375,0.7718,-0.134,-0.0978,0.779,0.672,0.047,2.498,1.3759,0.642,0.937,2.443,2.3027,1.9855,0.462,-0.0604,-0.05675,-0.04061,0.07935,0.2201,-0.038,0.349,0.489,-0.4168,-0.4785,0.55,-0.263,0.411,0.534,-0.5128,0.137
2021-05-31,1.2475,1.1225,-0.0254,1.265,0.1422,0.045,0.84,0.3875,1.566,0.1459,0.8801,1.999,1.8395,0.4273,0.23,1.9422,0.418,0.221,1.71,0.893,2.233,0.107,2.09125,2.245,0.586,1.783,1.921,1.44,1.931,1.143,0.897,1.92,0.421,-0.1257,0.7715,-0.1155,-0.0696,0.7776,0.6714,0.0607,2.4104,1.361,0.675,0.949,2.364,2.2205,1.92,0.467,-0.05307,-0.04925,-0.03687,0.07059,0.21056,-0.04706,0.3318,0.47429,-0.4078,-0.4686,0.5103,-0.2613,0.3839,0.5003,-0.5068,0.1209
2021-06-30,1.1175,1.019,-0.0175,1.123,0.1691,0.0677,0.7594,0.3779,1.4426,0.184,0.9649,1.7737,1.6446,0.571,0.3284,1.7368,0.512,0.292,1.584,0.91931,1.99,0.111,1.89125,1.97062,0.685,1.665,1.753,1.46,1.755,1.243,1.036,1.73,0.4045,-0.1198,0.7345,-0.1026,-0.053,0.7515,0.6413,0.073,2.2345,1.446,0.832,1.095,2.2117,2.0983,1.8395,0.52,-0.06304,-0.0542,-0.05812,0.02682,0.15806,-0.0413,0.27931,0.44055,-0.3965,-0.4583,0.4752,-0.2566,0.3591,0.4742,-0.5049,0.1002
2021-07-30,0.9025,0.797,-0.02,0.889,0.0841,0.021,0.5529,0.2296,1.2512,0.1475,0.7825,1.6528,1.4807,0.4643,0.2608,1.5929,0.39573,0.22053,1.3115,0.715,1.705,0.07826,1.59125,1.694,0.73,1.49,1.55,1.312,1.557,1.155,0.997,1.52,0.2292,-0.1384,0.5182,-0.134,-0.1083,0.5516,0.4576,-0.0342,2.165,1.2708,0.7828,1.0023,2.0703,1.9236,1.6619,0.514,-0.07447,-0.067,-0.0776,-0.01111,0.10257,-0.055,0.21441,0.38125,-0.4551,-0.4942,0.2599,-0.3633,0.1695,0.274,-0.5206,-0.0711
2021-08-31,0.935,0.8375,0.0005,0.929,0.1382,0.0634,0.6258,0.3059,1.3254,0.1546,0.8663,1.6641,1.5297,0.5239,0.2999,1.6245,0.451,0.234,1.355,0.804,1.72625,0.064,1.62625,1.7375,0.8197,1.5595,1.5395,1.4318,1.5644,1.285,1.116,1.4831,0.2659,-0.1337,0.5469,-0.123,-0.094,0.5818,0.4811,-0.003,2.1586,1.3125,0.804,1.0365,2.09,1.9489,1.6935,0.533,-0.0652,-0.0584,-0.0694,-0.0022,0.1128,-0.04875,0.2269,0.3902,-0.4348,-0.4803,0.303,-0.3312,0.212,0.316,-0.5157,-0.028
2021-09-30,1.2205,1.118,0.0125,1.199,0.2575,0.1215,0.895,0.51,1.5075,0.1722,1.0534,1.7934,1.6921,0.6489,0.3808,1.7726,0.56433,0.31446,1.625,0.99,1.988,0.09872,1.9085,1.955,0.9747,1.893,1.839,1.7193,1.88,1.5308,1.329,1.759,0.445,-0.1519,0.7219,-0.1027,-0.035,0.7573,0.6653,0.1125,2.3824,1.5591,0.958,1.2247,2.3313,2.2106,1.963,0.6,-0.029,-0.03,-0.022,0.0575,0.1825,-0.027,0.30375,0.47125,-0.3512,-0.4292,0.482,-0.1927,0.398,0.4995,-0.5022,0.163
2021-10-29,1.213,1.164,0.122,1.091,0.5665,0.3795,1.031,0.793,1.562,0.3141,1.2339,1.7225,1.686,0.9676,0.693,1.7354,1.4681,1.141,2.134,1.7257,2.354,0.5025,2.3125,2.253,1.2062,1.9396,1.824,1.8766,1.919,1.7475,1.575,1.734,0.5486,-0.1295,0.5282,0.047,0.186,0.6677,0.6636,0.319,2.3636,1.991,1.587,1.8275,2.4322,2.3635,2.201,0.994,-0.00875,-0.015,0.005,0.08625,0.2075,-0.02125,0.32344,0.4744,-0.0751,-0.2236,0.29,0.0425,0.4023,0.4113,-0.4425,0.2835
2021-11-30,1.055,0.998,0.034,0.98,0.365,0.202,0.8435,0.568,1.522,0.387,1.2853,1.6352,1.6265,1.0699,0.8043,1.6692,1.3553,0.986,2.0225,1.67688,2.179,0.354,2.175,2.04275,1.147,1.705,1.5952,1.644,1.6805,1.542,1.409,1.4898,0.374,-0.1766,0.447,-0.0818,0.0189,0.5545,0.5324,0.141,2.1529,1.8618,1.516,1.7483,2.2235,2.1585,2.0265,1.02,-0.0416,-0.0416,-0.03375,0.04125,0.1625,-0.04375,0.2825,0.4625,-0.2424,-0.3601,0.2303,-0.1223,0.2963,0.33,-0.4954,0.135
2021-12-31,1.205,1.138,0.0875,1.1475,0.48,0.3,0.965,0.705,1.581,0.535,1.3695,1.7311,1.7005,1.1683,0.9413,1.756,1.3495,0.97912,1.9875,1.665,2.1425,0.45859,2.1175,2.043,1.3025,1.904,1.7825,1.87,1.8618,1.7625,1.615,1.7,0.5242,-0.1741,0.6485,-0.023,0.1097,0.7372,0.6948,0.2605,2.0895,1.8093,1.5205,1.7409,2.1619,2.102,1.9657,1.07,-0.02937,-0.035,-0.01344,0.07531,0.2025,-0.0375,0.3275,0.50375,-0.147,-0.2958,0.476,0.017,0.49,0.545,-0.484,0.301
2022-01-31,1.316,1.2825,0.0959,1.226,0.6825,0.4261,1.154,0.9225,1.8438,0.885,1.6814,1.9306,1.9399,1.5306,1.3303,1.9733,1.5983,1.27225,2.17125,1.89875,2.27125,0.64048,2.27125,2.1661,1.5601,2.1689,2.116,2.145,2.151,2.06,1.912,2.051,0.6815,-0.1089,0.6914,0.153,0.325,0.8128,0.7982,0.4725,2.509,2.1194,1.832,2.032,2.537,2.447,2.286,1.363,0.015,-0.0024,0.05,0.1701,0.29688,-0.0195,0.41688,0.5825,0.073,-0.116,0.505,0.235,0.5985,0.617,-0.408,0.4603
2022-02-28,1.515,1.502,0.15,1.437,0.887,0.6015,1.417,1.15,1.9162,1.1335,1.814,1.9513,1.9892,1.7424,1.6034,2.011,1.80429,1.42201,2.4068,2.1288,2.46583,0.64491,2.4915,2.32762,1.6399,2.2839,2.252,2.2447,2.272,2.162,2.0174,2.217,1.0749,-0.0397,1.0212,0.3425,0.5665,1.178,1.203,0.7778,2.498,2.1471,1.9496,2.0946,2.568,2.531,2.3381,1.533,0.0275,0.01124,0.0675,0.21125,0.37375,-0.00875,0.51875,0.7,0.2544,0.026,0.783,0.4595,0.9533,0.922,-0.361,0.79
2022-03-31,1.9175,1.955,0.6625,1.77,1.663,1.367,1.895,1.8137,2.4065,1.9466,2.5229,2.2529,2.3997,2.653,2.5534,2.3809,2.73,2.297,3.0975,2.96125,3.076,1.353,3.13025,2.89625,1.9829,2.755,2.575,2.8349,2.645,2.739,2.532,2.535,1.441,0.2128,1.237,0.8257,1.0923,1.46,1.5272,1.2705,2.882,2.808,2.725,2.8304,3.035,3.003,2.8857,2.186,0.0475,0.02943,0.0975,0.2535,0.40375,-0.0049,0.5325,0.6925,0.798,0.535,1.019,0.984,1.2917,1.23,-0.0874,1.1953
2022-04-29,2.344,2.3825,1.1765,2.213,2.0965,1.8625,2.3645,2.2315,3.0237,2.5563,3.055,2.7853,3.022,3.1097,3.0465,2.9754,3.262,3.0005,3.6025,3.425,3.5613,2.246,3.64375,3.35,2.0225,2.952,2.742,2.8862,2.852,2.7909,2.59,2.657,1.996,0.5517,1.719,1.2405,1.4855,2.02,2.0514,1.716,3.251,3.167,3.1108,3.171,3.466,3.463,3.334,2.762,0.08125,0.0425,0.14875,0.3575,0.52,-0.01125,0.6475,0.7975,1.2297,0.9712,1.488,1.433,1.8485,1.772,0.261,1.7205
2022-05-31,2.559,2.589,1.425,2.419,2.2692,2.055,2.535,2.4164,2.93,2.6167,2.8677,2.8362,3.005,2.8959,2.894,2.9929,3.34275,3.21925,3.69,3.47375,3.6963,2.677,3.7663,3.44245,2.0876,2.94,2.74,2.8501,2.855,2.773,2.59,2.64,2.127,0.7918,1.974,1.376,1.592,2.2048,2.2736,1.805,3.265,3.129,3.0859,3.1255,3.478,3.471,3.339,2.857,0.06875,0.02875,0.13625,0.345,0.53375,-0.015,0.6875,0.865,1.2917,1.0795,1.727,1.5029,1.999,1.943,0.4774,1.8489
2022-06-30,2.738,2.79,1.962,2.586,2.6592,2.521,2.7845,2.7075,3.0938,3.2902,3.0754,2.9478,3.1721,3.1428,3.276,3.1525,3.66,3.59,4.1085,3.8415,4.0463,3.298,4.11875,3.67875,2.8677,3.268,2.978,3.255,3.168,3.287,3.22,2.793,2.485,1.176,2.2608,1.671,1.892,2.5654,2.6595,2.128,3.54,3.48,3.5435,3.525,3.7828,3.781,3.666,3.462,0.09875,0.0625,0.16375,0.43,0.645,0.00875,0.83875,0.99125,1.549,1.3642,1.984,1.791,2.348,2.265,0.8446,2.165
2022-07-29,2.32,2.3315,2.1895,2.174,2.365,2.378,2.303,2.3025,2.7256,3.364,2.7115,2.7343,2.8453,2.9208,3.1525,2.864,3.168,3.189,3.50625,3.2444,3.605,3.142,3.614,3.35255,3.128,2.955,2.745,2.97,2.9,3.085,3.15,2.485,1.927,1.2355,1.7596,1.407,1.4765,2.002,2.077,1.633,3.2155,2.981,3.365,3.1805,3.347,3.285,3.117,3.676,0.04125,0.01625,0.09125,0.305,0.56125,-0.00625,0.77376,0.9775,1.189,1.124,1.518,1.338,1.8105,1.757,0.957,1.646
2022-08-31,2.7325,2.796,2.6457,2.541,3.078,3.046,2.7975,2.9585,3.2804,3.9124,3.4285,3.0133,3.2902,3.6562,3.8479,3.2331,3.827,3.791,4.1225,3.9075,4.0875,3.527,4.20125,3.7575,3.763,3.556,3.306,3.719,3.478,3.896,3.94,3.026,2.681,2.1768,2.29,2.483,2.5047,2.607,2.7355,2.5596,3.4672,3.6647,4.139,3.97,3.727,3.727,3.6218,4.138,0.09625,0.06,0.16,0.3825,0.60875,0.015,0.80375,0.99375,2.21,2.179,2.052,2.261,2.4865,2.375,1.845,2.4158
2022-09-30,2.9775,3.072,2.9288,2.71,3.3238,3.2618,3.158,3.2908,3.877,4.5799,4.1412,3.354,3.7973,4.3577,4.546,3.6714,4.1952,4.201,4.405,4.23,4.3225,4.019,4.48375,3.93,3.61,3.5203,3.225,3.499,3.41,3.605,3.637,2.835,3.3622,2.7836,2.642,3.1161,3.1849,3.1059,3.345,3.259,3.5143,3.73,4.2529,4.021,3.778,3.782,3.682,4.412,0.15375,0.1,0.24248,0.50125,0.7325,0.03464,0.92875,1.11375,2.894,2.8238,2.398,2.966,3.066,2.8815,2.486,3.075
2022-10-31,2.892,3.007,2.9975,2.665,3.206,3.197,3.092,3.178,4.0918,5.0831,4.2965,3.7027,4.0614,4.5856,4.8588,3.9773,4.2185,4.26147,4.564,4.28875,4.564,4.08431,4.6687,4.2044,3.8906,3.714,3.3111,3.773,3.54,3.852,3.887,2.864,3.206,2.8798,2.6472,3.095,3.125,3.056,3.236,3.14,3.625,3.767,4.3785,4.1056,3.882,3.866,3.765,4.661,0.15344,0.08998,0.23875,0.51406,0.8,0.02073,1.0125,1.2,2.9075,2.877,2.4997,2.9332,3.067,2.879,2.6425,3.0315
2022-11-30,2.503,2.61,3.14,2.314,3.0791,3.1865,2.717,2.8744,3.5663,5.1073,3.775,3.293,3.5753,4.1773,4.6288,3.5258,3.7694,3.8197,4.047,3.80125,4.0845,3.7165,4.16248,3.7531,4.048,3.281,2.9528,3.446,3.146,3.747,3.921,2.501,2.804,2.9688,2.209,3.0204,2.9205,2.6,2.785,2.813,3.326,3.5148,4.3293,3.9489,3.565,3.53,3.4231,4.767,0.19378,0.128,0.295,0.60125,0.8525,0.03708,1.05281,1.23875,2.767,2.858,2.084,2.658,2.6512,2.463,2.8011,2.6559
2022-12-30,2.923,3.028,3.458,2.7005,3.41,3.512,3.1205,3.273,3.8375,5.12,4.023,3.491,3.8119,4.3424,4.7083,3.7435,4.1885,4.223,4.5475,4.256,4.535,4.07975,4.6237,4.144,3.596,3.289,3.1165,3.255,3.224,3.368,3.4945,2.6409,3.3145,3.4748,2.6434,3.5654,3.467,3.0433,3.2492,3.378,3.6401,3.751,4.4968,4.1265,3.904,3.891,3.7417,4.921,0.37624,0.2425,0.56624,0.87625,1.08625,0.09662,1.242,1.3375,3.311,3.395,2.533,3.239,3.142,2.9306,3.2787,3.2028
2023-01-31,2.5677,2.6631,3.2825,2.3595,2.941,3.1325,2.712,2.7645,3.4876,5.0584,3.6765,3.2418,3.4865,4.0448,4.4811,3.4497,3.759,3.8021,4.0975,3.79375,4.16375,3.839,4.2263,3.8563,3.5611,3.0435,2.883,3.0382,2.998,3.1814,3.369,2.428,3.0041,3.5434,2.4851,3.4474,3.2719,2.8247,2.9955,3.0735,3.351,3.335,4.2275,3.7739,3.543,3.495,3.3338,4.8837,0.27125,0.17875,0.4375,0.8525,1.12125,0.0775,1.3025,1.36,3.116,3.292,2.351,2.938,2.854,2.7032,3.3664,2.875
2023-02-28,3.1375,3.2225,3.8812,2.936,3.6961,3.8735,3.279,3.4457,3.9336,5.5407,4.272,3.5226,3.8669,4.7352,5.1671,3.7789,4.26975,4.37,4.4775,4.255,4.5225,4.3165,4.5825,4.1775,3.935,3.5597,3.281,3.7061,3.436,3.8719,3.983,2.821,3.3406,3.8695,2.824,3.9061,3.736,3.1588,3.334,3.4829,3.602,3.837,4.6821,4.299,3.87,3.854,3.742,4.938,0.26231,0.1825,0.4175,0.815,1.03125,0.08537,1.165,1.18125,3.6112,3.775,2.708,3.3742,3.2088,3.0488,3.7218,3.23
2023-03-31,2.708,2.8115,3.77,2.4845,3.2676,3.51,2.8635,3.0111,3.4637,5.023,3.6335,3.2143,3.4653,3.9689,4.3557,3.4217,3.5125,3.61112,3.8588,3.56125,3.9338,3.72089,3.9863,3.6788,3.966,3.125,2.86,3.223,3.04,3.371,3.595,2.462,3.138,3.7615,2.68,3.6255,3.4555,3.007,3.1508,3.249,3.348,3.3712,4.204,3.8122,3.5062,3.435,3.3132,4.763,0.17875,0.125,0.28875,0.62,0.835,0.05474,0.9972,1.06125,3.244,3.417,2.495,3.045,2.9575,2.821,3.5748,2.958
2023-04-28,2.701,2.795,3.83,2.5005,3.2414,3.487,2.812,2.9701,3.4368,5.0808,3.577,3.2645,3.4615,3.8969,4.2986,3.437,3.5177,3.66339,3.81768,3.51391,3.9188,3.81616,3.9663,3.6613,4.1931,3.29,2.995,3.429,3.183,3.629,3.859,2.525,3.1081,3.8428,2.7147,3.5857,3.3662,3.0072,3.1306,3.1804,3.33,3.3532,4.216,3.809,3.468,3.416,3.297,4.8,0.12435,0.074,0.22875,0.55,0.775,0.026,0.93375,1.00125,3.246,3.4767,2.579,3.0535,3.0052,2.882,3.78,2.9895
2023-05-31,2.7975,2.899,3.9465,2.597,3.37,3.6135,2.914,3.0883,3.6765,5.363,3.8381,3.4621,3.6867,4.175,4.6066,3.6522,3.8945,4.05105,4.08794,3.8375,4.20294,4.23489,4.23801,3.92801,4.5134,3.504,3.184,3.657,3.344,3.9,4.151,2.689,3.082,3.9085,2.733,3.608,3.396,3.0015,3.1095,3.17,3.5634,3.8451,4.7667,4.3486,3.765,3.755,3.676,5.172,0.1325,0.07125,0.255,0.605,0.82375,0.003,0.9825,1.05625,3.2578,3.5027,2.598,3.024,2.967,2.852,3.8394,2.9525
2023-06-30,2.8825,2.9955,4.234,2.6135,3.7527,4.03,3.0585,3.3777,3.8605,5.665,4.219,3.483,3.788,4.676,5.103,3.715,4.4709,4.65975,4.3975,4.3187,4.4163,4.7731,4.4688,4.1225,5.075,3.869,3.529,4.229,3.694,4.579,4.824,3.034,3.1464,4.1712,2.6861,3.9933,3.7473,2.9615,3.0905,3.409,3.5362,4.0991,5.1276,4.7031,3.7885,3.7978,3.7821,5.498,0.11875,0.06375,0.22,0.56,0.7875,-0.0069,0.95,1.02875,3.613,3.879,2.538,3.2623,2.958,2.812,4.086,3.0053
2023-07-31,2.895,3.0145,4.176,2.634,3.599,3.8605,3.073,3.27,,,,,,,,,4.31398,4.51216,4.41,4.2295,4.465,4.65008,4.50974,4.2065,5.2425,4.05,3.7,4.393,3.855,4.716,4.961,3.2,3.2185,4.1095,2.8347,3.831,3.5996,3.0999,3.2125,3.3475,3.769,4.3009,5.232,4.855,4.0081,4.0238,4.0096,5.586,0.18001,0.0925,0.34,0.75875,1.01125,-0.01577,1.19125,1.26875,3.466,3.709,2.688,3.2,3.069,2.955,4.017,3.068
2023-08-31,3.0165,3.126,4.225,2.7695,3.705,3.933,3.1765,3.386,,,,,,,,,4.1435,4.2818,4.3629,4.11625,4.45505,4.40716,4.48415,4.19915,5.2017,4.008,3.628,4.307,3.816,4.639,4.907,3.143,3.1866,4.091,2.8589,3.7559,3.523,3.112,3.2101,3.289,3.8429,4.3484,5.1857,4.8362,4.0922,4.1018,4.0813,5.558,0.23875,0.13,0.40625,0.81376,1.10375,0.01,1.30375,1.4125,3.377,3.6265,2.701,3.1302,3.0633,2.9627,3.988,3.039
2023-09-29,3.3126,3.426,4.2752,3.092,3.7965,4.0045,3.448,3.5672,,,,,,,,,4.4419,4.51419,4.75231,4.462,4.86606,4.53576,4.88357,4.62231,5.115,4.211,3.8291,4.415,4.024,4.651,4.87,3.448,3.5195,4.237,3.221,3.924,3.716,3.4653,3.555,3.549,4.2206,4.666,5.364,5.0765,4.4858,4.515,4.4965,5.639,0.3375,0.20875,0.5425,0.94375,1.22625,0.0525,1.42,1.515,3.5846,3.8063,3.1005,3.4072,3.4272,3.3468,4.1476,3.3898
2023-10-31,3.2775,3.3825,4.2389,3.0785,3.614,3.8475,3.3875,3.4195,,,,,,,,,4.8535,4.87916,5.25275,4.931,5.38875,4.8682,5.39275,5.172,5.0906,4.268,3.911,4.378,4.121,4.593,4.808,3.466,3.5028,4.099,3.2915,3.718,3.5213,3.5206,3.5859,3.4186,4.297,4.526,5.0674,4.7891,4.547,4.5657,4.5069,5.466,0.43125,0.29001,0.66125,1.12625,1.43375,0.10693,1.64625,1.745,3.3793,3.5924,3.1437,3.259,3.4305,3.3725,4.0102,3.346
2023-11-30,2.8445,2.925,3.9813,2.6545,3.1891,3.4712,2.91,2.965,,,,,,,,,4.4459,4.5246,4.77745,4.48255,4.9212,4.64,4.9162,4.73031,4.798,3.6839,3.364,3.79,3.559,4.042,4.304,2.954,3.137,3.9365,2.952,3.4805,3.2625,3.1595,3.2195,3.135,3.741,3.9612,4.5918,4.2672,3.9728,3.9847,3.9165,5.09,0.32375,0.2125,0.51625,0.91875,1.2075,0.0798,1.42,1.535,3.0727,3.3188,2.742,2.9235,3.0117,2.956,3.8347,2.9415
2023-12-29,2.307,2.38,3.5546,2.12,2.594,2.896,2.357,2.375,,,,,,,,,3.97,4.09137,4.1825,3.9325,4.3113,4.3361,4.3137,4.1225,4.584,3.333,3.103,3.432,3.238,3.669,3.951,2.765,2.6693,3.5577,2.5123,2.942,2.72,2.6879,2.7306,2.6187,3.289,3.452,4.1946,3.842,3.4985,3.4915,3.412,4.806,0.29,0.1925,0.46,0.85125,1.1375,0.07248,1.3525,1.4725,2.5495,2.797,2.34,2.431,2.5608,2.522,3.4553,2.4918
2024-01-31,2.535,2.595,3.591,2.3515,2.7287,2.9917,2.5525,2.54,,,,,,,,,3.8927,4.012,4.22143,3.915,4.3887,4.2598,4.3777,4.20027,4.671,3.586,3.331,3.686,3.474,3.9,4.147,2.996,2.745,3.5555,2.5708,3.008,2.8065,2.763,2.8095,2.697,3.5844,3.7153,4.3793,4.0433,3.7884,3.7754,3.6774,5.065,0.32126,0.2225,0.50126,0.91,1.20875,0.10963,1.42625,1.56875,2.641,2.863,2.395,2.5101,2.641,2.591,3.454,2.5642
2024-02-29,2.7525,2.8175,3.7824,2.5575,3.098,3.345,2.789,2.8695,,,,,,,,,4.1,4.2047,4.385,4.11245,4.5325,4.3992,4.52875,4.35375,4.8538,3.876,3.556,4.084,3.723,4.326,4.537,3.201,2.8719,3.786,2.583,3.354,3.143,2.81,2.891,2.9563,3.6654,3.9006,4.557,4.2385,3.9002,3.8923,3.8209,5.0,0.35375,0.26125,0.51125,0.87249,1.14626,0.14875,1.35,1.49625,3.0033,3.2337,2.432,2.801,2.741,2.6688,3.7018,2.726
2024-03-29,2.6225,2.6825,3.6654,2.425,2.9694,3.2159,2.6525,2.7275,,,,,,,,,4.00476,4.128,4.21875,3.98005,4.35126,4.3756,4.35,4.1825,4.81,3.702,3.381,3.88,3.551,4.1475,4.394,3.03,2.7287,3.6827,2.474,3.249,3.024,2.678,2.754,2.81,3.683,3.859,4.497,4.186,3.896,3.8915,3.806,5.0082,0.367,0.289,0.49375,0.84376,1.12876,0.175,1.3475,1.51374,2.899,3.1461,2.328,2.671,2.61,2.54,3.6166,2.5807
2024-04-30,2.843,2.903,3.6763,2.615,3.1697,3.3752,2.88,2.952,,,,,,,,,4.46,4.54631,4.7,4.47125,4.82,4.66571,4.82125,4.64375,4.9379,4.047,3.72,4.242,3.892,4.496,4.697,3.357,3.007,3.7874,2.6852,3.4946,3.3182,2.9234,3.0116,3.1199,3.9992,4.197,4.7432,4.4859,4.2235,4.219,4.1407,5.008,0.4685,0.35875,0.6135,0.97875,1.264,0.22875,1.4825,1.6575,3.1893,3.3895,2.54,2.9678,2.8655,2.783,3.693,2.8633
